{"version": 2, "width": 80, "height": 24, "timestamp": 1748345970.7696264, "env": {"SHELL": "/bin/bash", "TERM": "xterm-256color"}}
["0.000000", "o", "\u001b7\u001b[999"]
["0.000126", "o", ";999H\u001b[6n\u001b8"]
["0.001125", "o", "\u001b["]
["0.001325", "o", "?3l\u001b]0;Bus Pirate 5 REV10\u001b\\\u001b[0m\u001b"]
["0.002452", "o", "[2J\u001b[1;20r"]
["0.002800", "o", "\r\n\u001b[38;2;150;20"]
["0.002923", "o", "3;89mHiZ>\u001b[0m \u0003"]
["0.004469", "o", "\u001b7\u001b[?25l\u001b[21;0H\u001b[38;2;0;0;0;48;2;179;175;175m\u001b[80X\u001b[0m\u001b[22;0H\u001b[38;2;0;0;0;48;2;219;48;48m\u001b[8X1.Vout\t\u001b[38;2;0;0;0;48;2;219;117;48m\u001b[8X2.IO0\t\u001b[38;2;0;0;0;48;2;219;202;48m\u001b[8X3.IO1\t\u001b[38;2;0;0;0;48;2;48;219;54m\u001b[8X4.IO2\t\u001b[38;2;0;0;0;48;2;48;94;219m\u001b[8X5.IO3\t\u001b[38;2;0;0;0;48;2;142;48;219m\u001b[8X6.IO4\t\u001b[38;2;0;0;0;48;2;160;82;45m\u001b[8X7.IO5\t\u001b[38;2;0;0;0;48;2;179;175;175m\u001b[8X8.IO6\t\u001b[38;2;0;0;0;48;2;247;247;247m\u001b[8X9.IO7\t\u001b[38;2;255;255;255;48;2;0;0;0m\u001b[8X10.GND\t\u001b[0m\u001b[23;0H\u001b[8X\u001b[8XOFF\t\u001b[8X\u001b[8X-\t\u001b[8X\u001b[8X-\t\u001b[8X\u001b[8X-\t\u001b[8X\u001b[8X-\t\u001b[8X\u001b[8X-\t\u001b[8X\u001b[8X-\t\u001b[8X\u001b[8X-\t\u001b[8X\u001b[8X-\t\u001b[8X\u001b[8XGND\t\u001b[24;0H\u001b[8X\u001b[38;2;83;166;230m0.0\u001b[0mV\t\u001b[8X\u001b[38;2;83;166;230m0.0\u001b[0mV\t\u001b[8X\u001b[38;2;83;166;230m0.0\u001b[0mV\t\u001b[8X\u001b[38;2;83;166;230m0.0\u001b[0mV\t\u001b[8X\u001b[38;2;83;166;230m0.0\u001b[0mV\t\u001b[8X\u001b[38;2;83;166;230m0.0\u001b[0mV\t\u001b[8X\u001b[38;2;83;166;230m0.0\u001b[0mV\t\u001b[8X\u001b[38;2;83;166;230m0.0\u001b[0mV\t\u001b[8X\u001b[38;2;83;166;230m0.0\u001b[0mV\t\u001b[8XGND\u001b8\u001b[?25h"]
["0.535525", "o", "\u001b7\u001b[?25l\u001b[21;0H\u001b[38;2;0;0;0;48;2;179;175;175m\u001b[80X\u001b[0m\u001b[23;0H\u001b[8X\u001b[8XOFF\t\u001b[8X\u001b[8X-\t\u001b[8X\u001b[8X-\t\u001b[8X\u001b[8X-\t\u001b[8X\u001b[8X-\t\u001b[8X\u001b[8X-\t\u001b[8X\u001b[8X-\t\u001b[8X\u001b[8X-\t\u001b[8X\u001b[8X-\t\u001b[8X\u001b[8XGND\t\u001b[24;0H\u001b[8X\u001b[38;2;83;166;230m0.0\u001b[0mV\t\u001b[8X\u001b[38;2;83;166;230m0.0\u001b[0mV\t\u001b[8X\u001b[38;2;83;166;230m0.0\u001b[0mV\t\u001b[8X\u001b[38;2;83;166;230m0.0\u001b[0mV\t\u001b[8X\u001b[38;2;83;166;230m0.0\u001b[0mV\t\u001b[8X\u001b[38;2;83;166;230m0.0\u001b[0mV\t\u001b[8X\u001b[38;2;83;166;230m0.0\u001b[0mV\t\u001b[8X\u001b[38;2;83;166;230m0.0\u001b[0mV\t\u001b[8X\u001b[38;2;83;166;230m0.0\u001b[0mV\t\u001b[8XGND\u001b8\u001b[?25h"]
["0.998999", "m", "1-Wire scan, read device"]
["0.999621", "o", "m"]
["1.052165", "o", " "]
["1.114011", "o", "1"]
["1.253778", "o", "w"]
["1.390342", "o", "i"]
["1.569572", "o", "r"]
["1.690382", "o", "e"]
["2.190449", "o", "\r\n"]
["2.190719", "o", "\r\n"]
["2.190904", "o", "\u001b[38;2;191;165;48mMode:\u001b[0m 1WIRE"]
["2.194926", "o", "\u001b[0m\r\n"]
["2.194999", "o", "\u001b[38;2;150;203;89m1WIRE>\u001b[0m \u0003\u0007"]
["2.519145", "o", "\u001b7\u001b[?25l\u001b[21;0H\u001b[38;2;0;0;0;48;2;179;175;175m\u001b[80X\u001b[0m\u001b[23;0H\u001b[8X\u001b[8XOFF\t\u001b[8X\u001b[8XOWD\t\u001b[8X\u001b[8X-\t\u001b[8X\u001b[8X-\t\u001b[8X\u001b[8X-\t\u001b[8X\u001b[8X-\t\u001b[8X\u001b[8X-\t\u001b[8X\u001b[8X-\t\u001b[8X\u001b[8X-\t\u001b[8X\u001b[8XGND\t\u001b8\u001b[?25h"]
["2.695714", "o", "W"]
["3.195991", "o", "\r\n"]
["3.196264", "o", "\u001b[38;2;191;165;48mPower supply\r\nVolts (0.8"]
["3.196420", "o", "0V-5.00V)\u001b[0m\r\n\u001b[38;2;150;203;89mx to exit (3.30) >\u001b[0m \u0003\u0007"]
["3.697354", "o", "3"]
["3.805191", "o", "."]
["3.966647", "o", "3"]
["4.466985", "o", "\r\n"]
["4.467202", "o", "\u001b[38;2;191;165;48mMaximum current (1mA-500mA), 0"]
["4.467462", "o", " for unlimited\u001b[0m\r\n\u001b[38;2;150;203;89mx to exit (300.00) >\u001b[0m \u0003\u0007"]
["4.968198", "o", "1"]
["5.054597", "o", "0"]
["5.224028", "o", "0"]
["5.724348", "o", "\r\n"]
["5.949579", "o", "\u001b[38;2;83;166;230m3.30\u001b[0mV\u001b[38;2;191;165;48m requested, closest"]
["5.953593", "o", " value: \u001b[38;2;83;166;230m3.30\u001b[0mV\r\n\u001b[38;2;83;166;230m100.0\u001b[0mmA\u001b[38;2;191;165;48m requested, closest value: \u001b[38;2;83;166;230m100.0\u001b[0mmA\r\n\r\n\u001b[38;2;191;165;48mPower supply:\u001b[0mEnabled\r\n\u001b[38;2;191;165;48mVreg output: \u001b[38;2;83;166;230m3.3\u001b[0mV\u001b[38;2;191;165;48m, Vref/Vout pin: \u001b[38;2;83;166;230m3.3\u001b[0mV\u001b[38;2;191;165;48m, Current: \u001b[38;2;83;166;230m2.9\u001b[0mmA\u001b[38;2;191;165;48m\r\n\u001b[0m\u001b[0m\r\n\u001b[38;2;150;203;89m1WIRE>\u001b[0m \u0003\u0007"]
["6.016090", "o", "\u001b7\u001b[?25l\u001b[21;0H\u001b[38;2;0;0;0;48;2;179;175;175mVout: 3.29V/100.0mA"]
["6.020011", "o", " max | \u001b[54X\u001b[0m\u001b[23;0H\u001b[8X\u001b[8X\u001b[38;2;83;166;230m002.6\u001b[0mmA\t\u001b[8X\u001b[8XOWD\t\u001b[8X\u001b[8X-\t\u001b[8X\u001b[8X-\t\u001b[8X\u001b[8X-\t\u001b[8X\u001b[8X-\t\u001b[8X\u001b[8X-\t\u001b[8X\u001b[8X-\t\u001b[8X\u001b[8X-\t\u001b[8X\u001b[8XGND\t\u001b[24;0H\u001b[8X\u001b[38;2;83;166;230m3.3\u001b[0mV\t\u001b[8X\u001b[38;2;83;166;230m0.0\u001b[0mV\t\u001b[8X\u001b[38;2;83;166;230m0.0\u001b[0mV\t\u001b[8X\u001b[38;2;83;166;230m0.0\u001b[0mV\t\u001b[8X\u001b[38;2;83;166;230m0.0\u001b[0mV\t\u001b[8X\u001b[38;2;83;166;230m0.0\u001b[0mV\t\u001b[8X\u001b[38;2;83;166;230m0.0\u001b[0mV\t\u001b[8X\u001b[38;2;83;166;230m0.0\u001b[0mV\t\u001b[8X\u001b[38;2;83;166;230m0.0\u001b[0mV\t\u001b[8XGND\u001b8\u001b[?25h"]
["6.455052", "o", "P"]
["6.490802", "o", "\u001b7\u001b[?25l\u001b[23;0H\u001b[38;2;83;166;230m002.4\u001b[0mmA\u001b8\u001b[?25h"]
["6.955647", "o", "\r\n"]
["6.964740", "o", "\u001b[38;2;191;165;48mPull-up resistors:\u001b[0m Enabled (10K ohms @ \u001b[3"]
["6.965480", "o", "8;2;83;166;230m3.3\u001b[0mV)\r\n\u001b[0m\r\n\u001b[38;2;150;203;89m1WIRE>\u001b[0m \u0003\u0007"]
["7.001941", "o", "\u001b7\u001b[?25l\u001b[21;0H\u001b[38;2;0;0;0;48;2;179;175;175mVout: 3.29V/100.0mA"]
["7.004779", "o", " max | Pull-ups: ON | \u001b[39X\u001b[0m\u001b[24;0H\u001b[8X\u001b[38;2;83;166;230m3.3\u001b[0mV\t\u001b[8X\u001b[38;2;83;166;230m3.2\u001b[0mV\t\u001b[8X\u001b[38;2;83;166;230m3.2\u001b[0mV\t\u001b[8X\u001b[38;2;83;166;230m3.2\u001b[0mV\t\u001b[8X\u001b[38;2;83;166;230m3.2\u001b[0mV\t\u001b[8X\u001b[38;2;83;166;230m3.2\u001b[0mV\t\u001b[8X\u001b[38;2;83;166;230m3.2\u001b[0mV\t\u001b[8X\u001b[38;2;83;166;230m3.2\u001b[0mV\t\u001b[8X\u001b[38;2;83;166;230m3.2\u001b[0mV\t\u001b[8XGND\u001b8\u001b[?25h"]
["7.466855", "o", "s"]
["7.545835", "o", "c"]
["7.649771", "o", "a"]
["7.724999", "o", "n"]
["8.225309", "o", "\r\n1-Wire ROM search:\r\n"]
["8.240972", "o", "1: 28 5c aa 13 0a 00 00 19 (DS18B20 digital thermometer)\r\n\u001b[0m\r\n"]
["8.241491", "o", "\u001b[38;2;150;203;89m1WIRE>\u001b[0m \u0003\u0007"]
["8.742668", "o", "d"]
["8.819071", "o", "s"]
["8.921921", "o", "1"]
["8.991087", "o", "\u001b7\u001b[?25l\u001b[23;0H\u001b[38;2;83;166;230m002.1\u001b[0mmA\u001b8\u001b[?25h"]
["9.081960", "o", "8"]
["9.157731", "o", "b"]
["9.212141", "o", "2"]
["9.379809", "o", "0"]
["9.880647", "o", "\r\n"]
["9.989815", "o", "\u001b7\u001b[?25l\u001b[24;0H\u001b[38;2;83;166;230m3.2\u001b[0mV\t\u001b[38;2;83;166;230m3.2\u001b"]
["9.991406", "o", "[0mV\t\u001b[38;2;83;166;230m3.2\u001b[0mV\t\u001b[38;2;83;166;230m3.2\u001b[0mV\t\u001b[38;2;83;166;230m3.2\u001b[0mV\t\u001b[38;2;83;166;230m3.2\u001b[0mV\t\u001b[38;2;83;166;230m3.2\u001b[0mV\t\u001b[38;2;83;166;230m3.2\u001b[0mV\t\u001b[38;2;83;166;230m3.2\u001b[0mV\t\t\u001b8\u001b[?25h"]
["10.489831", "o", "\u001b7\u001b[?25l\u001b[24;0H\u001b[38;2;83;166;230m3.3\u001b[0mV\t\u001b[38;2;83;166;230m3.2\u001b"]
