{"version": 2, "width": 80, "height": 24, "timestamp": 1747409483.8481221, "env": {"SHELL": "/bin/bash", "TERM": "xterm-256color"}}
["0.000000", "o", "\u001b7\u001b[999"]
["0.000158", "o", ";999H\u001b[6n\u001b8"]
["0.001201", "o", "\u001b[?3l\u001b]0;"]
["0.002487", "o", "Bus Pirate 5 REV10\u001b\\\u001b[0m\u001b[2J"]
["0.002795", "o", "\u001b[1;20r\r\n\u001b[38;2;150;203;89mHiZ>\u001b[0m \u0003"]
["0.007548", "o", "\u001b7\u001b[?25l\u001b[21;0H\u001b[38;2;0;0;0;48;2;179;175;175m\u001b[80X\u001b[0m\u001b[22;0H\u001b[38;2;0;0;0;48;2;219;48;48m\u001b[8X1.Vout\t\u001b[38;2;0;0;0;48;2;219;117;48m\u001b[8X2.IO0\t\u001b[38;2;0;0;0;48;2;219;202;48m\u001b[8X3.IO1\t\u001b[38;2;0;0;0;48;2;48;219;54m\u001b[8X4.IO2\t\u001b[38;2;0;0;0;48;2;48;94;219m\u001b[8X5.IO3\t\u001b[38;2;0;0;0;48;2;142;48;219m\u001b[8X6.IO4\t\u001b[38;2;0;0;0;48;2;160;82;45m\u001b[8X7.IO5\t\u001b[38;2;0;0;0;48;2;179;175;175m\u001b[8X8.IO6\t\u001b[38;2;0;0;0;48;2;247;247;247m\u001b[8X9.IO7\t\u001b[38;2;255;255;255;48;2;0;0;0m\u001b[8X10.GND\t\u001b[0m\u001b[23;0H\u001b[8X\u001b[8XOFF\t\u001b[8X\u001b[8X-\t\u001b[8X\u001b[8X-\t\u001b[8X\u001b[8X-\t\u001b[8X\u001b[8X-\t\u001b[8X\u001b[8X-\t\u001b[8X\u001b[8X-\t\u001b[8X\u001b[8X-\t\u001b[8X\u001b[8X-\t\u001b[8X\u001b[8XGND\t\u001b[24;0H\u001b[8X\u001b[38;2;83;166;230m0.0\u001b[0mV\t\u001b[8X\u001b[38;2;83;166;230m0.0\u001b[0mV\t\u001b[8X\u001b[38;2;83;166;230m0.0\u001b[0mV\t\u001b[8X\u001b[38;2;83;166;230m0.0\u001b[0mV\t\u001b[8X\u001b[38;2;83;166;230m0.0\u001b[0mV\t\u001b[8X\u001b[38;2;83;166;230m0.0\u001b[0mV\t\u001b[8X\u001b[38;2;83;166;230m0.0\u001b[0mV\t\u001b[8X\u001b[38;2;83;166;230m0.0\u001b[0mV\t\u001b[8X\u001b[38;2;83;166;230m0.0\u001b[0mV\t\u001b[8XGND\u001b8\u001b[?25h"]
["0.252736", "o", "\u001b7\u001b[?25l\u001b[21;0H\u001b[38;2;0;0;0;48;2;179;175;175m\u001b[80X\u001b[0m\u001b[23;0H\u001b[8X\u001b[8XOFF\t\u001b[8X\u001b[8X-\t\u001b[8X\u001b[8X-\t\u001b[8X\u001b[8X-\t\u001b[8X\u001b[8X-\t\u001b[8X\u001b[8X-\t\u001b[8X\u001b[8X-\t\u001b[8X\u001b[8X-\t\u001b[8X\u001b[8X-\t\u001b[8X\u001b[8XGND\t\u001b[24;0H\u001b[8X\u001b[38;2;83;166;230m0.0\u001b[0mV\t\u001b[8X\u001b[38;2;83;166;230m0.0\u001b[0mV\t\u001b[8X\u001b[38;2;83;166;230m0.0\u001b[0mV\t\u001b[8X\u001b[38;2;83;166;230m0.0\u001b[0mV\t\u001b[8X\u001b[38;2;83;166;230m0.0\u001b[0mV\t\u001b[8X\u001b[38;2;83;166;230m0.0\u001b[0mV\t\u001b[8X\u001b[38;2;83;166;230m0.0\u001b[0mV\t\u001b[8X\u001b[38;2;83;166;230m0.0\u001b[0mV\t\u001b[8X\u001b[38;2;83;166;230m0.0\u001b[0mV\t\u001b[8XGND\u001b8\u001b[?25h"]
["0.997382", "m", "m led - enter LED mode"]
["0.997809", "o", "m"]
["1.154874", "o", " "]
["1.399128", "o", "l"]
["1.656694", "o", "e"]
["1.825563", "o", "d"]
["2.826026", "o", "\r\n"]
["2.826256", "o", "\r\n\u001b[38;2;191;165;48mMode:\u001b[0m L"]
["2.826382", "o", "ED"]
["2.829217", "o", "\r\n"]
["2.829614", "o", "\u001b[38;2;191;165;48mLED type\u001b[0m\r\n "]
["2.829716", "o", "1. \u001b[38;2;191;165;48mWS2812/SK6812/'N"]
["2.830526", "o", "eoPixel' (single wire interface)*\u001b[0m\r\n 2. \u001b[38;2;191;165;48mAPA102/SK9822 (clock and data interface)\u001b[0m\r\n 3. \u001b[38;2;191;165;48mOnboard LEDs (18 SK6812s)\u001b[0m\r\n x. \u001b[38;2;191;165;48mExit\u001b[0m\r\n\u001b[38;2;150;203;89mType (\u001b[0m1\u001b[38;2;150;203;89m) >\u001b[0m \u0003\u0007"]
["3.830705", "m", "choose APA102"]
["3.831207", "o", "2"]
["4.701585", "o", "\u001b7\u001b[?25l\u001b[24;0H\u001b[38;2;83;166;230m0.0\u001b[0mV\t\u001b[38;2;83;166;230m0.1\u001b[0mV\t\u001b[38;2;83;166;230m0.0\u001b[0mV\t\u001b[38;2;83;166;230m0.0\u001b[0mV\t\u001b[38;2;83;166;230m0.0\u001b[0mV\t\u001b[38;2;83;166;230m0.0\u001b[0mV\t\u001b[38;2;83;166;230m0.0\u001b[0mV\t\u001b[38;2;83;166;230m0.0\u001b[0mV\t\u001b[38;2;83;166;230m0.0\u001b[0mV\t\t\u001b8\u001b[?25h"]
["6.043934", "o", "\u001b[0m"]
["6.044238", "o", "\r\n\u001b[38;2;150;203;89mLED-(APA102)>\u001b[0m \u0003\u0007"]
["6.230828", "o", "\u001b7\u001b[?25l\u001b[21;0H\u001b[38;2;0;0;0;48;2;179;175;175m\u001b[80X\u001b[0m\u001b[23;0H\u001b[8X\u001b[8XOFF\t\u001b[8X\u001b[8XSDO\t\u001b[8X\u001b[8XSCL\t\u001b[8X\u001b[8X-\t\u001b[8X\u001b[8X-\t\u001b[8X\u001b[8X-\t\u001b[8X\u001b[8X-\t\u001b[8X\u001b[8X-\t\u001b[8X\u001b[8X-\t\u001b[8X\u001b[8XGND\t\u001b8\u001b[?25h"]
["6.705019", "o", "\u001b7\u001b[?25l\u001b[24;0H\u001b[38;2;83;166;230m0.0\u001b[0mV\t\u001b[38;2;83;166;230m0.0\u001b[0mV\t\u001b[38;2;83;166;230m0.0\u001b[0mV\t\u001b[38;2;83;166;230m0.0\u001b[0mV\t\u001b[38;2;83;166;230m0.0\u001b[0mV\t\u001b[38;2;83;166;230m0.0\u001b[0mV\t\u001b[38;2;83;166;230m0.0\u001b[0mV\t\u001b[38;2;83;166;230m0.0\u001b[0mV\t\u001b[38;2;83;166;230m0.0\u001b[0mV\t\t\u001b8\u001b[?25h"]
["7.044519", "m", "W 5 - enable 5 volt power supply"]
["7.047633", "o", "W"]
["7.382011", "o", " "]
["7.752382", "o", "5"]
["8.752768", "o", "\r\n"]
["8.977347", "o", "\u001b[38;2;83;166;230m5.00\u001b[0mV\u001b[38;2;191;165;48m requested, closest"]
["8.981502", "o", " value: \u001b[38;2;83;166;230m5.00\u001b[0mV\r\n\u001b[38;2;83;166;230m300.0\u001b[0mmA\u001b[38;2;191;165;48m requested, closest value: \u001b[38;2;83;166;230m300.0\u001b[0mmA\r\n\r\n\u001b[38;2;191;165;48mPower supply:\u001b[0mEnabled\r\n\u001b[38;2;191;165;48mVreg output: \u001b[38;2;83;166;230m5.0\u001b[0mV\u001b[38;2;191;165;48m, Vref/Vout pin: \u001b[38;2;83;166;230m5.0\u001b[0mV\u001b[38;2;191;165;48m, Current: \u001b[38;2;83;166;230m2.9\u001b[0mmA\u001b[38;2;191;165;48m\r\n\u001b[0m\u001b[0m\r\n\u001b[38;2;150;203;89mLED-(APA102)>\u001b[0m \u0003\u0007"]
["9.227005", "o", "\u001b7\u001b[?25l\u001b[21;0H\u001b[38;2;0;0;0;48;2;179;175;175mVout: 5.0V/300.0mA "]
["9.230980", "o", "max | \u001b[55X\u001b[0m\u001b[23;0H\u001b[8X\u001b[8X\u001b[38;2;83;166;230m002.6\u001b[0mmA\t\u001b[8X\u001b[8XSDO\t\u001b[8X\u001b[8XSCL\t\u001b[8X\u001b[8X-\t\u001b[8X\u001b[8X-\t\u001b[8X\u001b[8X-\t\u001b[8X\u001b[8X-\t\u001b[8X\u001b[8X-\t\u001b[8X\u001b[8X-\t\u001b[8X\u001b[8XGND\t\u001b[24;0H\u001b[8X\u001b[38;2;83;166;230m5.0\u001b[0mV\t\u001b[8X\u001b[38;2;83;166;230m0.0\u001b[0mV\t\u001b[8X\u001b[38;2;83;166;230m0.0\u001b[0mV\t\u001b[8X\u001b[38;2;83;166;230m0.0\u001b[0mV\t\u001b[8X\u001b[38;2;83;166;230m0.0\u001b[0mV\t\u001b[8X\u001b[38;2;83;166;230m0.0\u001b[0mV\t\u001b[8X\u001b[38;2;83;166;230m0.0\u001b[0mV\t\u001b[8X\u001b[38;2;83;166;230m0.0\u001b[0mV\t\u001b[8X\u001b[38;2;83;166;230m0.0\u001b[0mV\t\u001b[8XGND\u001b8\u001b[?25h"]
["9.702349", "o", "\u001b7\u001b[?25l\u001b[23;0H\u001b[38;2;83;166;230m002.4\u001b[0mmA\u001b8\u001b[?25h"]
["9.982012", "m", "Set first 3 LEDs to blue, green and red"]
["9.983344", "o", "["]
["10.130370", "o", "0"]
["10.477278", "o", "x"]
["10.691266", "o", "f"]
["10.702474", "o", "\u001b7\u001b[?25l\u001b[23;0H\u001b[38;2;83;166;230m002.1\u001b[0mmA\u001b8\u001b[?25h"]
["11.081327", "o", "f"]
["11.289001", "o", "f"]
["11.412723", "o", "f"]
["11.602128", "o", "0"]
["11.744052", "o", "0"]
["11.868326", "o", "0"]
["12.069209", "o", "0"]
["12.241240", "o", " "]
["12.532535", "o", "0"]
["12.711715", "o", "x"]
["13.056647", "o", "f"]
["13.217317", "o", "f"]
["13.446305", "o", "0"]
["13.612581", "o", "0"]
["13.815548", "o", "f"]
["14.186508", "o", "f"]
["14.407457", "o", "0"]
["14.508130", "o", "0"]
["14.655952", "o", " "]
["15.035234", "o", "0"]
["15.256929", "o", "x"]
["15.382922", "o", "f"]
["15.523960", "o", "f"]
["15.755994", "o", "0"]
["15.983889", "o", "0"]
["16.100114", "o", "0"]
["16.295292", "o", "0"]
["16.485321", "o", "f"]
["16.862400", "o", "f"]
["17.102776", "o", " "]
["17.221090", "o", "]"]
["18.221998", "o", "\r\n"]
["18.239108", "o", "\r\nSTART FRAME (0x00000000)\r\n\u001b[38;2;191;165;48mTX:\u001b[0m 0x\u001b[38;2;8"]
["18.241348", "o", "3;166;230mFF\u001b[0mFF\u001b[38;2;83;166;230m00\u001b[0m00\u001b[0m.32 0x\u001b[38;2;83;166;230mFF\u001b[0m00\u001b[38;2;83;166;230mFF\u001b[0m00\u001b[0m.32 0x\u001b[38;2;83;166;230mFF\u001b[0m00\u001b[38;2;83;166;230m00\u001b[0mFF\u001b[0m.32 \r\nSTOP FRAME (0xFFFFFFFF)\r\n\u001b[38;2;150;203;89mLED-(APA102)>\u001b[0m \u0003\u0007"]
