{"version": 2, "width": 80, "height": 24, "timestamp": 1747408842.4982722, "env": {"SHELL": "/bin/bash", "TERM": "xterm-256color"}}
["0.000000", "o", "\u001b7\u001b[999;"]
["0.000107", "o", "999H\u001b[6n\u001b8"]
["0.001050", "o", "\u001b[?3l"]
["0.001280", "o", "\u001b]0;Bus Pirate 5 "]
["0.002491", "o", "REV10\u001b\\\u001b[0m\u001b[2J\u001b[1;20r"]
["0.002948", "o", "\r\n\u001b[38;2;"]
["0.003116", "o", "150;203;89mHiZ>\u001b[0m \u0003"]
["0.008054", "o", "\u001b7\u001b[?25l\u001b[21;0H\u001b[38;2;0;0;0;48;2;179;175;175m\u001b[80X\u001b[0m\u001b[22;0H\u001b[38;2;0;0;0;48;2;219;48;48m\u001b[8X1.Vout\t\u001b[38;2;0;0;0;48;2;219;117;48m\u001b[8X2.IO0\t\u001b[38;2;0;0;0;48;2;219;202;48m\u001b[8X3.IO1\t\u001b[38;2;0;0;0;48;2;48;219;54m\u001b[8X4.IO2\t\u001b[38;2;0;0;0;48;2;48;94;219m\u001b[8X5.IO3\t\u001b[38;2;0;0;0;48;2;142;48;219m\u001b[8X6.IO4\t\u001b[38;2;0;0;0;48;2;160;82;45m\u001b[8X7.IO5\t\u001b[38;2;0;0;0;48;2;179;175;175m\u001b[8X8.IO6\t\u001b[38;2;0;0;0;48;2;247;247;247m\u001b[8X9.IO7\t\u001b[38;2;255;255;255;48;2;0;0;0m\u001b[8X10.GND\t\u001b[0m\u001b[23;0H\u001b[8X\u001b[8XOFF\t\u001b[8X\u001b[8X-\t\u001b[8X\u001b[8X-\t\u001b[8X\u001b[8X-\t\u001b[8X\u001b[8X-\t\u001b[8X\u001b[8X-\t\u001b[8X\u001b[8X-\t\u001b[8X\u001b[8X-\t\u001b[8X\u001b[8X-\t\u001b[8X\u001b[8XGND\t\u001b[24;0H\u001b[8X\u001b[38;2;83;166;230m0.0\u001b[0mV\t\u001b[8X\u001b[38;2;83;166;230m0.0\u001b[0mV\t\u001b[8X\u001b[38;2;83;166;230m0.0\u001b[0mV\t\u001b[8X\u001b[38;2;83;166;230m0.0\u001b[0mV\t\u001b[8X\u001b[38;2;83;166;230m0.0\u001b[0mV\t\u001b[8X\u001b[38;2;83;166;230m0.0\u001b[0mV\t\u001b[8X\u001b[38;2;83;166;230m0.0\u001b[0mV\t\u001b[8X\u001b[38;2;83;166;230m0.0\u001b[0mV\t\u001b[8X\u001b[38;2;83;166;230m0.0\u001b[0mV\t\u001b[8XGND\u001b8\u001b[?25h"]
["0.201805", "o", "\u001b7\u001b[?25l\u001b[21;0H\u001b[38;2;0;0;0;48;2;179;175;175m\u001b[80X\u001b[0m\u001b[23;0H\u001b[8X\u001b[8XOFF\t\u001b[8X\u001b[8X-\t\u001b[8X\u001b[8X-\t\u001b[8X\u001b[8X-\t\u001b[8X\u001b[8X-\t\u001b[8X\u001b[8X-\t\u001b[8X\u001b[8X-\t\u001b[8X\u001b[8X-\t\u001b[8X\u001b[8X-\t\u001b[8X\u001b[8XGND\t\u001b[24;0H\u001b[8X\u001b[38;2;83;166;230m0.0\u001b[0mV\t\u001b[8X\u001b[38;2;83;166;230m0.0\u001b[0mV\t\u001b[8X\u001b[38;2;83;166;230m0.0\u001b[0mV\t\u001b[8X\u001b[38;2;83;166;230m0.0\u001b[0mV\t\u001b[8X\u001b[38;2;83;166;230m0.0\u001b[0mV\t\u001b[8X\u001b[38;2;83;166;230m0.0\u001b[0mV\t\u001b[8X\u001b[38;2;83;166;230m0.0\u001b[0mV\t\u001b[8X\u001b[38;2;83;166;230m0.0\u001b[0mV\t\u001b[8X\u001b[38;2;83;166;230m0.0\u001b[0mV\t\u001b[8XGND\u001b8\u001b[?25h"]
["0.997618", "m", "m led - enter LED mode"]
["0.998180", "o", "m"]
["1.234396", "o", " "]
["1.634386", "o", "l"]
["1.781336", "o", "e"]
["1.980798", "o", "d"]
["2.981270", "o", "\r\n"]
["2.981585", "o", "\r\n\u001b[38;2;191;165;48mMode:\u001b[0m LED"]
["2.984768", "o", "\r\n"]
["2.984945", "o", "\u001b[38;2;191;165;48mLED type\u001b[0m\r\n "]
["2.985090", "o", "1. \u001b[38;2;191;165;48mWS2812/SK6812/'N"]
["2.985520", "o", "eoPixel' (single wire interface)*\u001b[0m\r\n 2. \u001b[38;2;191;165;48mAPA102/SK9822 (clock and data interface)\u001b[0m\r\n 3. \u001b[38;2;191;165;48mOnboard LEDs (18 SK6812s)\u001b[0m\r\n x. \u001b[38;2;191;165;48mExit\u001b[0m\r\n\u001b[38;2;150;203;89mType (\u001b[0m1\u001b[38;2;150;203;89m) >\u001b[0m \u0003\u0007"]
["3.985767", "m", "choose APA102"]
["3.986201", "o", "2"]
["6.052492", "o", "\u001b[0m\r\n"]
["6.052673", "o", "\u001b[38;2;150;203;89mLED-(APA102)>\u001b[0m \u0003\u0007"]
["6.180961", "o", "\u001b7\u001b[?25l\u001b[21;0H\u001b[38;2;0;0;0;48;2;179;175;175m\u001b[80X\u001b[0m\u001b[23;0H\u001b[8X\u001b[8XOFF\t\u001b[8X\u001b[8XSDO\t\u001b[8X\u001b[8XSCL\t\u001b[8X\u001b[8X-\t\u001b[8X\u001b[8X-\t\u001b[8X\u001b[8X-\t\u001b[8X\u001b[8X-\t\u001b[8X\u001b[8X-\t\u001b[8X\u001b[8X-\t\u001b[8X\u001b[8XGND\t\u001b8\u001b[?25h"]
["7.052833", "m", "W 5 - enable 5 volt power supply"]
["7.053423", "o", "W"]
["7.173557", "o", " "]
["7.375179", "o", "5"]
["8.375039", "o", "\r\n"]
["8.599725", "o", "\u001b[38;2;83;166;230m5.00\u001b[0mV\u001b[38;2;191;165;48m requested, closest"]
["8.603720", "o", " value: \u001b[38;2;83;166;230m5.00\u001b[0mV\r\n\u001b[38;2;83;166;230m300.0\u001b[0mmA\u001b[38;2;191;165;48m requested, closest value: \u001b[38;2;83;166;230m300.0\u001b[0mmA\r\n\r\n\u001b[38;2;191;165;48mPower supply:\u001b[0mEnabled\r\n\u001b[38;2;191;165;48mVreg output: \u001b[38;2;83;166;230m5.0\u001b[0mV\u001b[38;2;191;165;48m, Vref/Vout pin: \u001b[38;2;83;166;230m5.0\u001b[0mV\u001b[38;2;191;165;48m, Current: \u001b[38;2;83;166;230m2.9\u001b[0mmA\u001b[38;2;191;165;48m\r\n\u001b[0m\u001b[0m\r\n\u001b[38;2;150;203;89mLED-(APA102)>\u001b[0m \u0003\u0007"]
["8.677156", "o", "\u001b7\u001b[?25l\u001b[21;0H\u001b[38;2;0;0;0;48;2;179;175;175mVout: 5.0V/300.0mA "]
["8.681154", "o", "max | \u001b[55X\u001b[0m\u001b[23;0H\u001b[8X\u001b[8X\u001b[38;2;83;166;230m002.4\u001b[0mmA\t\u001b[8X\u001b[8XSDO\t\u001b[8X\u001b[8XSCL\t\u001b[8X\u001b[8X-\t\u001b[8X\u001b[8X-\t\u001b[8X\u001b[8X-\t\u001b[8X\u001b[8X-\t\u001b[8X\u001b[8X-\t\u001b[8X\u001b[8X-\t\u001b[8X\u001b[8XGND\t\u001b[24;0H\u001b[8X\u001b[38;2;83;166;230m5.0\u001b[0mV\t\u001b[8X\u001b[38;2;83;166;230m0.0\u001b[0mV\t\u001b[8X\u001b[38;2;83;166;230m0.0\u001b[0mV\t\u001b[8X\u001b[38;2;83;166;230m0.0\u001b[0mV\t\u001b[8X\u001b[38;2;83;166;230m0.0\u001b[0mV\t\u001b[8X\u001b[38;2;83;166;230m0.0\u001b[0mV\t\u001b[8X\u001b[38;2;83;166;230m0.0\u001b[0mV\t\u001b[8X\u001b[38;2;83;166;230m0.0\u001b[0mV\t\u001b[8X\u001b[38;2;83;166;230m0.0\u001b[0mV\t\u001b[8XGND\u001b8\u001b[?25h"]
["9.604162", "m", "Set first 3 LEDs to blue, green and red"]
["9.605495", "o", "["]
["9.907881", "o", "0"]
["10.152439", "o", "\u001b7\u001b[?25l\u001b[23;0H\u001b[38;2;83;166;230m002.1\u001b[0mmA\u001b8\u001b[?25h"]
["10.207688", "o", "x"]
["10.471096", "o", "f"]
["10.579811", "o", "f"]
["10.767357", "o", "f"]
["11.015325", "o", "f"]
["11.288416", "o", "0"]
["11.585203", "o", "0"]
["11.883769", "o", "0"]
["12.282515", "o", "0"]
["12.441908", "o", " "]
["12.550805", "o", "0"]
["12.758297", "o", "x"]
["13.073822", "o", "f"]
["13.190390", "o", "f"]
["13.588038", "o", "0"]
["13.838977", "o", "0"]
["14.099947", "o", "f"]
["14.458982", "o", "f"]
["14.768792", "o", "0"]
["15.113550", "o", "0"]
["15.267083", "o", " "]
["15.572890", "o", "0"]
["15.874948", "o", "x"]
["16.130966", "o", "f"]
["16.288603", "o", "f"]
["16.463577", "o", "0"]
["16.567707", "o", "0"]
["16.842930", "o", "0"]
["16.958414", "o", "0"]
["17.185746", "o", "f"]
["17.560776", "o", "f"]
["17.946146", "o", " "]
["18.277854", "o", "]"]
["19.277674", "o", "\r\n"]
["19.295316", "o", "\r\nSTART FRAME (0x00000000)\r\n\u001b[38;2;191;165;48mTX:\u001b[0m 0x\u001b[38;2;8"]
["19.297337", "o", "3;166;230mFF\u001b[0mFF\u001b[38;2;83;166;230m00\u001b[0m00\u001b[0m.32 0x\u001b[38;2;83;166;230mFF\u001b[0m00\u001b[38;2;83;166;230mFF\u001b[0m00\u001b[0m.32 0x\u001b[38;2;83;166;230mFF\u001b[0m00\u001b[38;2;83;166;230m00\u001b[0mFF\u001b[0m.32 \r\nSTOP FRAME (0xFFFFFFFF)\r\n\u001b[38;2;150;203;89mLED-(APA102)>\u001b[0m \u0003\u0007"]
["19.298734", "o", "\u001b7\u001b[?25l\u001b[24;0H\u001b[38;2;83;166;230m5.0\u001b[0mV\t\u001b[38;2;83;166;230m5.0\u001b"]
["19.300431", "o", "[0mV\t\u001b[38;2;83;166;230m0.0\u001b[0mV\t\u001b[38;2;83;166;230m0.0\u001b[0mV\t\u001b[38;2;83;166;230m0.0\u001b[0mV\t\u001b[38;2;83;166;230m0.0\u001b[0mV\t\u001b[38;2;83;166;230m0.0\u001b[0mV\t\u001b[38;2;83;166;230m0.0\u001b[0mV\t\u001b[38;2;83;166;230m0.0\u001b[0mV\t\t\u001b8\u001b[?25h"]
["20.297716", "m", "Set 3 leds to purple"]
["20.299128", "o", "["]
["20.509019", "o", "0"]
["20.657928", "o", "x"]
["20.797292", "o", "f"]
["21.136599", "o", "f"]
["21.273867", "o", "f"]
["21.495809", "o", "f"]
["21.773504", "o", "0"]
["22.000752", "o", "0"]
["22.149787", "o", "f"]
["22.437164", "o", "f"]
["22.749298", "o", ":"]
["22.976640", "o", "3"]
["23.129392", "o", " "]
["23.329464", "o", "]"]
["24.329618", "o", "\r\n"]
