{"version": 2, "width": 80, "height": 24, "timestamp": 1747224453.0418744, "env": {"SHELL": "/bin/bash", "TERM": "xterm-256color"}}
["0.000000", "o", "\u001b7\u001b[999;999H\u001b[6n\u001b8"]
["0.001043", "o", "\u001b[?3l\u001b"]
["0.001589", "o", "]0;Bus Pirate 5 REV10\u001b\\\u001b["]
["0.002151", "o", "0m\u001b[2J\u001b[1;20r"]
["0.002313", "o", "\r\n\u001b[3"]
["0.002416", "o", "8;2;150;203;89mHiZ>\u001b[0m \u0003"]
["0.004125", "o", "\u001b7\u001b[?25l\u001b[21;0H\u001b[38;2;0;0;0;48;2;179;175;175m\u001b[80X\u001b[0m\u001b[22;0H\u001b[38;2;0;0;0;48;2;219;48;48m\u001b[8X1.Vout\t\u001b[38;2;0;0;0;48;2;219;117;48m\u001b[8X2.IO0\t\u001b[38;2;0;0;0;48;2;219;202;48m\u001b[8X3.IO1\t\u001b[38;2;0;0;0;48;2;48;219;54m\u001b[8X4.IO2\t\u001b[38;2;0;0;0;48;2;48;94;219m\u001b[8X5.IO3\t\u001b[38;2;0;0;0;48;2;142;48;219m\u001b[8X6.IO4\t\u001b[38;2;0;0;0;48;2;160;82;45m\u001b[8X7.IO5\t\u001b[38;2;0;0;0;48;2;179;175;175m\u001b[8X8.IO6\t\u001b[38;2;0;0;0;48;2;247;247;247m\u001b[8X9.IO7\t\u001b[38;2;255;255;255;48;2;0;0;0m\u001b[8X10.GND\t\u001b[0m\u001b[23;0H\u001b[8X\u001b[8XOFF\t\u001b[8X\u001b[8X-\t\u001b[8X\u001b[8X-\t\u001b[8X\u001b[8X-\t\u001b[8X\u001b[8X-\t\u001b[8X\u001b[8X-\t\u001b[8X\u001b[8X-\t\u001b[8X\u001b[8X-\t\u001b[8X\u001b[8X-\t\u001b[8X\u001b[8XGND\t\u001b[24;0H\u001b[8X\u001b[38;2;83;166;230m0.0\u001b[0mV\t\u001b[8X\u001b[38;2;83;166;230m0.0\u001b[0mV\t\u001b[8X\u001b[38;2;83;166;230m0.0\u001b[0mV\t\u001b[8X\u001b[38;2;83;166;230m0.0\u001b[0mV\t\u001b[8X\u001b[38;2;83;166;230m0.0\u001b[0mV\t\u001b[8X\u001b[38;2;83;166;230m0.0\u001b[0mV\t\u001b[8X\u001b[38;2;83;166;230m0.0\u001b[0mV\t\u001b[8X\u001b[38;2;83;166;230m0.0\u001b[0mV\t\u001b[8X\u001b[38;2;83;166;230m0.0\u001b[0mV\t\u001b[8XGND\u001b8\u001b[?25h"]
["0.283474", "o", "\u001b7\u001b[?25l\u001b[21;0H\u001b[38;2;0;0;0;48;2;179;175;175m\u001b[80X\u001b[0m\u001b[23;0H\u001b[8X\u001b[8XOFF\t\u001b[8X\u001b[8X-\t\u001b[8X\u001b[8X-\t\u001b[8X\u001b[8X-\t\u001b[8X\u001b[8X-\t\u001b[8X\u001b[8X-\t\u001b[8X\u001b[8X-\t\u001b[8X\u001b[8X-\t\u001b[8X\u001b[8X-\t\u001b[8X\u001b[8XGND\t\u001b[24;0H\u001b[8X\u001b[38;2;83;166;230m0.0\u001b[0mV\t\u001b[8X\u001b[38;2;83;166;230m0.0\u001b[0mV\t\u001b[8X\u001b[38;2;83;166;230m0.0\u001b[0mV\t\u001b[8X\u001b[38;2;83;166;230m0.0\u001b[0mV\t\u001b[8X\u001b[38;2;83;166;230m0.0\u001b[0mV\t\u001b[8X\u001b[38;2;83;166;230m0.0\u001b[0mV\t\u001b[8X\u001b[38;2;83;166;230m0.0\u001b[0mV\t\u001b[8X\u001b[38;2;83;166;230m0.0\u001b[0mV\t\u001b[8X\u001b[38;2;83;166;230m0.0\u001b[0mV\t\u001b[8XGND\u001b8\u001b[?25h"]
["0.999081", "m", "m 1wire - enter 1-Wire mode"]
["0.999711", "o", "m"]
["1.305400", "o", " "]
["1.479785", "o", "1"]
["1.720857", "o", "w"]
["1.973877", "o", "i"]
["2.237189", "o", "r"]
["2.528585", "o", "e"]
["3.528813", "o", "\r\n"]
["3.529351", "o", "\r\n"]
["3.529517", "o", "\u001b[38;2;191;165;48mMode:\u001b[0m 1WIRE"]
["3.532999", "o", "\u001b[0m\r\n"]
["3.533179", "o", "\u001b[38;2;150;203;89m1WIRE>"]
["3.533295", "o", "\u001b[0m \u0003\u0007"]
["3.766954", "o", "\u001b7\u001b[?25l\u001b[21;0H\u001b[38;2;0;0;0;48;2;179;175;175m\u001b[80X\u001b[0m\u001b[23;0H\u001b[8X\u001b[8XOFF\t\u001b[8X\u001b[8XOWD\t\u001b[8X\u001b[8X-\t\u001b[8X\u001b[8X-\t\u001b[8X\u001b[8X-\t\u001b[8X\u001b[8X-\t\u001b[8X\u001b[8X-\t\u001b[8X\u001b[8X-\t\u001b[8X\u001b[8X-\t\u001b[8X\u001b[8XGND\t\u001b8\u001b[?25h"]
["4.533611", "m", "W - enable power supply"]
["4.534117", "o", "W"]
["5.534291", "o", "\r\n"]
["5.534404", "o", "\u001b[38;2;191;165"]
["5.535197", "o", ";48mPower supply\r\nVolts (0.80V-5"]
["5.535406", "o", ".00V)\u001b[0m\r\n\u001b[38;2;150;203;89mx to exit (3.30) >\u001b[0m \u0003\u0007"]
["6.536816", "o", "3"]
["6.724447", "o", "."]
["6.888823", "o", "3"]
["7.889063", "o", "\r\n"]
["7.889564", "o", "\u001b[38;2;191;165;48mMaximum current (1mA-500mA), 0 for unlimited\u001b[0m\r\n\u001b[38;2;1"]
["7.889792", "o", "50;203;89mx to exit (300.00) >\u001b[0m \u0003\u0007"]
["8.890836", "o", "1"]
["9.172563", "o", "0"]
["9.365269", "o", "0"]
["10.365640", "o", "\r\n"]
["10.590091", "o", "\u001b[38;2;83;166;230m3.30\u001b[0mV\u001b[38;2;191;165;48m requested, closest"]
["10.593748", "o", " value: \u001b[38;2;83;166;230m3.30\u001b[0mV\r\n\u001b[38;2;83;166;230m100.0\u001b[0mmA\u001b[38;2;191;165;48m requested, closest value: \u001b[38;2;83;166;230m100.0\u001b[0mmA\r\n\r\n\u001b[38;2;191;165;48mPower supply:\u001b[0mEnabled\r\n\u001b[38;2;191;165;48mVreg output: \u001b[38;2;83;166;230m3.3\u001b[0mV\u001b[38;2;191;165;48m, Vref/Vout pin: \u001b[38;2;83;166;230m3.3\u001b[0mV\u001b[38;2;191;165;48m, Current: \u001b[38;2;83;166;230m2.9\u001b[0mmA\u001b[38;2;191;165;48m\r\n\u001b[0m\u001b[0m\r\n\u001b[38;2;150;203;89m1WIRE>\u001b[0m \u0003\u0007"]
["10.763764", "o", "\u001b7\u001b[?25l\u001b[21;0H\u001b[38;2;0;0;0;48;2;179;175;175mVout: 3.29V/100.0mA"]
["10.767491", "o", " max | \u001b[54X\u001b[0m\u001b[23;0H\u001b[8X\u001b[8X\u001b[38;2;83;166;230m002.6\u001b[0mmA\t\u001b[8X\u001b[8XOWD\t\u001b[8X\u001b[8X-\t\u001b[8X\u001b[8X-\t\u001b[8X\u001b[8X-\t\u001b[8X\u001b[8X-\t\u001b[8X\u001b[8X-\t\u001b[8X\u001b[8X-\t\u001b[8X\u001b[8X-\t\u001b[8X\u001b[8XGND\t\u001b[24;0H\u001b[8X\u001b[38;2;83;166;230m3.3\u001b[0mV\t\u001b[8X\u001b[38;2;83;166;230m0.0\u001b[0mV\t\u001b[8X\u001b[38;2;83;166;230m0.0\u001b[0mV\t\u001b[8X\u001b[38;2;83;166;230m0.0\u001b[0mV\t\u001b[8X\u001b[38;2;83;166;230m0.0\u001b[0mV\t\u001b[8X\u001b[38;2;83;166;230m0.0\u001b[0mV\t\u001b[8X\u001b[38;2;83;166;230m0.0\u001b[0mV\t\u001b[8X\u001b[38;2;83;166;230m0.0\u001b[0mV\t\u001b[8X\u001b[38;2;83;166;230m0.0\u001b[0mV\t\u001b[8XGND\u001b8\u001b[?25h"]
["11.238775", "o", "\u001b7\u001b[?25l\u001b[23;0H\u001b[38;2;83;166;230m002.4\u001b[0mmA\u001b8\u001b[?25h"]
["11.593995", "m", "P - enable pull-up resistors"]
["11.594841", "o", "P"]
["11.738820", "o", "\u001b7\u001b[?25l\u001b[23;0H\u001b[38;2;83;166;230m002.1\u001b[0mmA\u001b8\u001b[?25h"]
["12.595530", "o", "\r\n"]
["12.604694", "o", "\u001b[38;2;191;165;48mPull-up resistors:\u001b[0m Enabled (10K ohms @ \u001b[3"]
["12.605388", "o", "8;2;83;166;230m3.3\u001b[0mV)\r\n\u001b[0m\r\n\u001b[38;2;150;203;89m1WIRE>\u001b[0m \u0003\u0007"]
["12.749519", "o", "\u001b7\u001b[?25l\u001b[21;0H\u001b[38;2;0;0;0;48;2;179;175;175mVout: 3.29V/100.0mA"]
["12.752336", "o", " max | Pull-ups: ON | \u001b[39X\u001b[0m\u001b[24;0H\u001b[8X\u001b[38;2;83;166;230m3.3\u001b[0mV\t\u001b[8X\u001b[38;2;83;166;230m3.2\u001b[0mV\t\u001b[8X\u001b[38;2;83;166;230m3.2\u001b[0mV\t\u001b[8X\u001b[38;2;83;166;230m3.2\u001b[0mV\t\u001b[8X\u001b[38;2;83;166;230m3.2\u001b[0mV\t\u001b[8X\u001b[38;2;83;166;230m3.2\u001b[0mV\t\u001b[8X\u001b[38;2;83;166;230m3.2\u001b[0mV\t\u001b[8X\u001b[38;2;83;166;230m3.2\u001b[0mV\t\u001b[8X\u001b[38;2;83;166;230m3.2\u001b[0mV\t\u001b[8XGND\u001b8\u001b[?25h"]
["13.605908", "m", "scan - search for devices"]
["13.606959", "o", "s"]
["13.748250", "o", "c"]
["13.978153", "o", "a"]
["14.249443", "o", "n"]
["15.249863", "o", "\r\n"]
["15.251090", "o", "1-Wire ROM search:\r\n"]
["15.266267", "o", "1: 28 5c aa 13 0a 00 00 19 (DS18B20 digital thermometer)\r\n\u001b[0m\r\n"]
["15.266479", "o", "\u001b[38;2;150;203;89m1WIRE>\u001b[0m \u0003\u0007"]
["15.738651", "o", "\u001b7\u001b[?25l\u001b[23;0H\u001b[38;2;83;166;230m002.4\u001b[0mmA\u001b8\u001b[?25h"]
["16.267053", "m", "Configure 12bit resolution"]
["16.268508", "o", "["]
["16.510705", "o", " "]
["16.710443", "o", "0"]
["16.816208", "o", "x"]
["17.108139", "o", "c"]
["17.238407", "o", "\u001b7\u001b[?25l\u001b[23;0H\u001b[38;2;83;166;230m002.1\u001b[0mmA\u001b8\u001b[?25h"]
["17.407681", "o", "c"]
["17.761868", "o", " "]
["17.925215", "o", "0"]
["18.080150", "o", "x"]
["18.213696", "o", "4"]
["18.570417", "o", "e"]
["18.737677", "o", " "]
["18.738986", "o", "\u001b7\u001b[?25l\u001b[23;0H\u001b[38;2;83;166;230m002.4\u001b[0mmA\u001b8\u001b[?25h"]
["19.049046", "o", "0"]
["19.252739", "o", "x"]
["19.385995", "o", "0"]
["19.673710", "o", "0"]
["19.840168", "o", " "]
["20.122871", "o", "0"]
["20.350741", "o", "x"]
