{"version": 2, "width": 80, "height": 24, "timestamp": 1750870270.1728125, "env": {"SHELL": "/bin/bash", "TERM": "xterm-256color"}}
["0.000000", "o", "\u001b7\u001b[999;999H\u001b[6n\u001b8"]
["0.001131", "o", "\u001b[?3l\u001b]0"]
["0.001231", "o", ";Bus Pirate 5 REV10\u001b\\\u001b[0m\u001b[2J\r\n\u001b[38;2;150;2"]
["0.001331", "o", "03;89mUART>\u001b[0m \u0003"]
["1.001407", "m", "enter UART glitch mode"]
["1.001834", "o", "g"]
["1.218782", "o", "l"]
["1.491987", "o", "i"]
["1.685657", "o", "t"]
["1.992423", "o", "c"]
["2.196991", "o", "h"]
["3.196965", "o", "\r\n"]
["3.219912", "o", "\r\n\r\n\u001b[38;2;191;165;48mUse previous settings?\u001b[0m\r\n \u001b[38;2;191;165;48mGlitch trigger character\u001b[0m: 13 (ASCII)\r\n \u001b[38;2;191;165;4"]
["3.219985", "o", "8mGlitch trigger delay\u001b[0m: 1400 ns*10\r\n \u001b[38;2;191;165;48mGlitch vary time\u001b[0m: 3 ns*10\r\n \u001b[38;2;191;165;48mGlitch output on ti"]
["3.220152", "o", "me\u001b[0m: 7 ns*10\r\n \u001b[38;2;191;165;48mGlitch cycle delay\u001b[0m: 100 ms\r\n \u001b[38;2;191;165;48mNormal response character\u001b[0m: 80 (ASCII)"]
["3.220345", "o", "\r\n \u001b[38;2;191;165;48mNumber of glitch attempts\u001b[0m: 5 \r\n \u001b[38;2;191;165;48mBypass 'READY' input checking\u001b[0m: Bypass enabled ('R"]
["3.220626", "o", "EADY' check disabled) \r\n\r\n\u001b[38;2;150;203;89my/n, x to exit (Y) >\u001b[0m \u0003\u0007"]
["4.220711", "m", "\"yes\" to accept glitch parameters"]
["4.221271", "o", "y"]
["5.221364", "o", "\r\n"]
["5.231653", "o", "\r\n\u001b[38;2;191;165;48mUART glitching.  "]
["5.231741", "o", "Press Bus Pirate button to exit.\u001b[0m\r\n"]
["5.241978", "o", "Attempt   1, delay 14000ns RX: ### Plea"]
["5.242067", "o", "se enter pa\r\n"]
["5.247352", "o", "Attempt   1, delay 14010ns RX: $> \r\n\u001b[38;2;191;165;48mTarget glitch success!\u001b[0m\r\n\u001b[0m\r\n\u001b[38;2;150;203;89mUART>\u001b[0m \u0003\u0007"]
[8.24743, "o", ""]
