{"version": 2, "width": 120, "height": 36, "timestamp": 1760538158, "env": {"SHELL": "/usr/bin/zsh", "TERM": "xterm-256color"}}
[0.0, "o", "\r\n\u001b[38;5;113mHiZ>\u001b[0m \u0003"]
[0.3, "o", "m"]
[0.6, "o", " "]
[0.8999999999999999, "o", "u"]
[1.2, "o", "a"]
[1.5, "o", "r"]
[1.8, "o", "t"]
[2.1, "o", "\r\n\r\n"]
[2.4, "o", "\u001b[38;5;178mMode:\u001b[0m UART\r\n\r\n"]
[2.6999999999999997, "o", "\u001b[38;5;178mUse previous settings?\u001b[0m\r\n \u001b[38;5;178mUART speed\u001b[0m: 9600 baud\r\n \u001b[38;5;178mData bits\u001b[0m: 8 \r\n \u001b[38;5;178mParity\u001b[0m: None \r\n \u001b[38;5;178mStop bits\u001b[0m: 1 \r\n \u001b[38;5;178mHardware flow control\u001b[0m: None \r\n \u001b[38;5;178mSignal inversion\u001b[0m: Non-inverted (Standard) \r\n\r\n\u001b[38;5;113my/n, x to exit (Y) >\u001b[0m \u0003"]
[2.9999999999999996, "o", "y\r\n"]
[3.2999999999999994, "o", "\r\n\u001b[38;5;178mActual speed: 9600 baud\u001b[0m\u001b[0m\r\n"]
[3.599999999999999, "o", "\u001b[38;5;113mUART>\u001b[0m \u0003"]
[3.899999999999999, "o", "W"]
[4.199999999999999, "o", " "]
[4.499999999999999, "o", "3"]
[4.799999999999999, "o", "."]
[5.099999999999999, "o", "3\r\n"]
[5.399999999999999, "o", "\u001b[38;5;26m3.30\u001b[0mV\u001b[38;5;178m requested, closest value: \u001b[38;5;26m3.30\u001b[0mV\r\n\u001b[38;5;26m300.0\u001b[0mmA\u001b[38;5;178m requested, closest value: \u001b[38;5;26m300.0\u001b[0mmA\r\n\r\n"]
[5.699999999999998, "o", "\u001b[38;5;178mPower supply:\u001b[0mEnabled\r\n\u001b[38;5;178mVreg output: \u001b[38;5;26m3.3\u001b[0mV\u001b[38;5;178m, Vref/Vout pin: \u001b[38;5;26m3.3\u001b[0mV\u001b[38;5;178m, Current: \u001b[38;5;26m20.2\u001b[0mmA\u001b[38;5;178m\r\n\u001b[0m\u001b[0m\r\n"]
[5.999999999999998, "o", "\u001b[38;5;113mUART>\u001b[0m \u0003"]
[6.299999999999998, "o", "g"]
[6.599999999999998, "o", "p"]
[6.899999999999998, "o", "s"]
[7.1999999999999975, "o", "\r\n"]
[7.2, "o", "\u001b[38;5;178mPress any key to exit\u001b[0m\r\n\u001b[?25l"]
[7.3, "o", "$GPTXT,01,01,02,u-blox ag - ww$GPRMC,142303.00,V"]
[7.4, "o", ",,,,,,,151025,,,N*78\r\n"]
[7.5, "o", "$GPVTG,,,,,,,,,N*30\r\n"]
[7.6, "o", "$xxVTG: true track degrees = nan\r\n        magnetic track degrees"]
[7.7, "o", " = nan\r\n        speed knots = nan\r\n        speed kph = nan\r\n"]
[7.8, "o", "$GPGGA,142303.00,,,,,0,04,5.12,,,,,,*53\r\n$xxGGA: fix"]
[7.9, "o", " quality: 0\r\n"]
[8.0, "o", "$GPGSA,A,1,10,24,32,18,,,,,,,,,21.97,5.12,21.36*02\r\n"]
[8.1, "o", "$GPGSV,3,1,10,02,06,324,,08,12,297,,10,61,318,21,15,14,064,*70\r\n"]
[8.2, "o", "$xxGSV: message 1 of 3\r\n$xxGSV: satellites in view: 10\r\n$xxGSV: sat nr 2, elevation: 6, azimuth: 324, snr: 0 dbm\r\n$xxGSV: sat nr"]
[8.3, "o", " 8, elevation: 12, azimuth: 297, snr: 0 dbm\r\n$xxGSV: sat nr 10, elevation: 61, azimuth: 318, snr: 21 dbm\r\n$xxGSV: sat nr 15, ele"]
[8.4, "o", "vation: 14, azimuth: 6"]
[8.5, "o", "4, snr: 0 dbm\r\n"]
[8.6, "o", "$GPGSV,3,2,10,18,35,168,28,23,65,078,,24,46,071,27,27,16,266,20*"]
[8.7, "o", "7B\r\n$xxGSV: message"]
[8.8, "o", " 2 of 3\r\n$xxGSV: satellites"]
[8.9, "o", " in view: 10\r\n$xxGSV: sat n"]
[9.0, "o", "r 18, elevation: 3"]
[9.1, "o", "5, azimuth: 168, snr: 28 dbm\r\n$xxGSV: sat nr 23, elevation: 65, azimuth: 78, snr: 0 dbm\r\n$xxGSV: sat nr 24, elevation: 46, azimuth: 71, snr: 27 dbm\r\n$xxGSV: sat nr 27, elevation: 16, azimuth: 266, snr: 20 dbm\r\n"]
[9.2, "o", "$GPGSV,3,3,10,28,02,195,,32,45,248,24*75\r\n$xxGSV: message 3 of 3"]
[9.3, "o", "\r\n$xxGSV: satellites in view: 10\r\n$xxGSV: sat nr 28, elevation: 2, azimuth: 195, snr: 0 dbm\r\n$xxGSV: sat nr 32, elevation: 45, a"]
[9.4, "o", "zimuth: 248, snr: 24 dbm\r\n$xxGSV: sat nr 0, elevation: 0, azimuth: 0, snr: 0 dbm\r\n$xxGSV: sa"]
[9.5, "o", "t nr 0, elevation: 0, azimuth: 0, snr: 0 dbm\r\n"]
[9.6, "o", "$GPGLL,,,,,142303.00,V,N*4D\r\n"]
[9.7, "o", "$GPRMC,142304.00,V,,,,,,,151025,,,N*7F\r\n$xxRMC: raw coordinates "]
[9.8, "o", "and speed: (0/0,0"]
[9.9, "o", "/0) 0/0\r\n$xxRMC fixed-point coordinates "]
[10.0, "o", "and speed scaled to three decimal"]
[10.1, "o", " places: (0,0) 0\r\n$xxRMC float"]
[10.2, "o", "ing point degree coordinates and speed: (nan,nan) nan\r\n"]
[10.3, "o", "$GPVTG,,,,,,,,,N*30\r\n$xxVTG: true track degrees = nan\r\n        m"]
[10.4, "o", "agnetic track degrees = nan\r\n        speed knots = nan\r\n        speed k"]
[10.5, "o", "ph = nan\r\n"]
[10.6, "o", "\u001b[0m\r\n\u001b[38;5;113mUART>\u001b[0m \u0003"]
[12.0, "o", ""]
