{"version": 2, "width": 80, "height": 24, "timestamp": 1750349197.3927886, "env": {"SHELL": "/bin/bash", "TERM": "xterm-256color"}}
["0.000000", "o", "\u001b7\u001b[99"]
["0.000145", "o", "9;999H\u001b[6n\u001b8"]
["0.001165", "o", "\u001b[?3"]
["0.002341", "o", "l\u001b]0;Bus Pirate 5 REV10\u001b\\"]
["0.002824", "o", "\u001b[0m\u001b[2J\u001b[1;20r\r\n\u001b[38;2;150;203;89mHiZ>\u001b[0m \u0003"]
["0.004668", "o", "\u001b7\u001b[?25l\u001b[21;0H\u001b[38;2;0;0;0;48;2;179;175;175m\u001b[80X\u001b[0m\u001b[22;0H\u001b[38;2;0;0;0;48;2;219;48;48m\u001b[8X1.Vout\t\u001b[38;2;0;0;0;48;2;219;117;48m\u001b[8X2.IO0\t\u001b[38;2;0;0;0;48;2;219;202;48m\u001b[8X3.IO1\t\u001b[38;2;0;0;0;48;2;48;219;54m\u001b[8X4.IO2\t\u001b[38;2;0;0;0;48;2;48;94;219m\u001b[8X5.IO3\t\u001b[38;2;0;0;0;48;2;142;48;219m\u001b[8X6.IO4\t\u001b[38;2;0;0;0;48;2;160;82;45m\u001b[8X7.IO5\t\u001b[38;2;0;0;0;48;2;179;175;175m\u001b[8X8.IO6\t\u001b[38;2;0;0;0;48;2;247;247;247m\u001b[8X9.IO7\t\u001b[38;2;255;255;255;48;2;0;0;0m\u001b[8X10.GND\t\u001b[0m\u001b[23;0H\u001b[8X\u001b[8XOFF\t\u001b[8X\u001b[8X-\t\u001b[8X\u001b[8X-\t\u001b[8X\u001b[8X-\t\u001b[8X\u001b[8X-\t\u001b[8X\u001b[8X-\t\u001b[8X\u001b[8X-\t\u001b[8X\u001b[8X-\t\u001b[8X\u001b[8X-\t\u001b[8X\u001b[8XGND\t\u001b[24;0H\u001b[8X\u001b[38;2;83;166;230m0.0\u001b[0mV\t\u001b[8X\u001b[38;2;83;166;230m0.0\u001b[0mV\t\u001b[8X\u001b[38;2;83;166;230m0.0\u001b[0mV\t\u001b[8X\u001b[38;2;83;166;230m0.0\u001b[0mV\t\u001b[8X\u001b[38;2;83;166;230m0.0\u001b[0mV\t\u001b[8X\u001b[38;2;83;166;230m0.0\u001b[0mV\t\u001b[8X\u001b[38;2;83;166;230m0.0\u001b[0mV\t\u001b[8X\u001b[38;2;83;166;230m0.0\u001b[0mV\t\u001b[8X\u001b[38;2;83;166;230m0.0\u001b[0mV\t\u001b[8XGND\u001b8\u001b[?25h"]
["0.097126", "o", "\u001b7\u001b[?25l\u001b[21;0H\u001b[38;2;0;0;0;48;2;179;175;175m\u001b[80X\u001b[0m\u001b[23;0H\u001b[8X\u001b[8XOFF\t\u001b[8X\u001b[8X-\t\u001b[8X\u001b[8X-\t\u001b[8X\u001b[8X-\t\u001b[8X\u001b[8X-\t\u001b[8X\u001b[8X-\t\u001b[8X\u001b[8X-\t\u001b[8X\u001b[8X-\t\u001b[8X\u001b[8X-\t\u001b[8X\u001b[8XGND\t\u001b[24;0H\u001b[8X\u001b[38;2;83;166;230m0.0\u001b[0mV\t\u001b[8X\u001b[38;2;83;166;230m0.0\u001b[0mV\t\u001b[8X\u001b[38;2;83;166;230m0.0\u001b[0mV\t\u001b[8X\u001b[38;2;83;166;230m0.0\u001b[0mV\t\u001b[8X\u001b[38;2;83;166;230m0.0\u001b[0mV\t\u001b[8X\u001b[38;2;83;166;230m0.0\u001b[0mV\t\u001b[8X\u001b[38;2;83;166;230m0.0\u001b[0mV\t\u001b[8X\u001b[38;2;83;166;230m0.0\u001b[0mV\t\u001b[8X\u001b[38;2;83;166;230m0.0\u001b[0mV\t\u001b[8XGND\u001b8\u001b[?25h"]
["0.997600", "m", "m i2c - enter I2C mode"]
["0.998106", "o", "m"]
["1.246701", "o", " "]
["1.391496", "o", "i"]
["1.750142", "o", "2"]
["2.111450", "o", "c"]
["3.111744", "o", "\r\n"]
["3.112041", "o", "\r\n"]
["3.112224", "o", "\u001b[38;2;191;165;48mMode:\u001b[0m I2"]
["3.112344", "o", "C"]
["3.115264", "o", "\r\n"]
["3.115482", "o", "\u001b[38;2;191;165;48mI2C speed\u001b[0m\r\n 1kHz to"]
["3.115698", "o", " 1000kHz\r\n x. \u001b[38;2;191;165;48mExit"]
["3.115893", "o", "\u001b[0m\r\n\u001b[38;2;150;203;89mkHz (\u001b[0m400kHz*\u001b[38;2;150;203;89m) >\u001b[0m \u0003\u0007"]
["4.116245", "m", "400kHz speed"]
["4.116791", "o", "4"]
["4.270970", "o", "0"]
["4.420586", "o", "0"]
["5.421050", "o", "\r\n"]
["5.421414", "o", "\u001b[38;2;191;165;48mClock stretching\u001b[0m\r\n 1. \u001b[38;2;191;165;48mOFF*\u001b[0"]
["5.421651", "o", "m\r\n 2. \u001b[38;2;191;165;48mON\u001b[0m\r"]
["5.421874", "o", "\n x. \u001b[38;2;191;165;48mExit\u001b[0m\r\n\u001b[38;2;150;203;89mOFF (\u001b[0m1\u001b[38;2;150;203;89m) >\u001b[0m \u0003\u0007"]
["6.422321", "m", "No clock stretching"]
["6.422881", "o", "1"]
["8.078592", "o", "\u001b[0m\r\n\u001b[38;2"]
["8.078712", "o", ";150;203;89mI2C>\u001b[0m \u0003\u0007"]
["8.576036", "o", "\u001b7\u001b[?25l\u001b[21;0H\u001b[38;2;0;0;0;48;2;179;175;175m\u001b[80X\u001b[0m\u001b[23;0H\u001b[8X\u001b[8XOFF\t\u001b[8X\u001b[8XSDA\t\u001b[8X\u001b[8XSCL\t\u001b[8X\u001b[8X-\t\u001b[8X\u001b[8X-\t\u001b[8X\u001b[8X-\t\u001b[8X\u001b[8X-\t\u001b[8X\u001b[8X-\t\u001b[8X\u001b[8X-\t\u001b[8X\u001b[8XGND\t\u001b8\u001b[?25h"]
["9.078942", "m", "Set voltage to 3.3V"]
["9.082209", "o", "W"]
["9.416139", "o", " "]
["9.780952", "o", "3"]
["9.969182", "o", "."]
["10.097471", "o", "3"]
["11.097712", "o", "\r\n"]
["11.322503", "o", "\u001b[38;2;83;166;230m3.30\u001b[0mV\u001b[38;2;191;165;48m requested, closest"]
["11.326389", "o", " value: \u001b[38;2;83;166;230m3.30\u001b[0mV\r\n\u001b[38;2;83;166;230m300.0\u001b[0mmA\u001b[38;2;191;165;48m requested, closest value: \u001b[38;2;83;166;230m300.0\u001b[0mmA\r\n\r\n\u001b[38;2;191;165;48mPower supply:\u001b[0mEnabled\r\n\u001b[38;2;191;165;48mVreg output: \u001b[38;2;83;166;230m3.3\u001b[0mV\u001b[38;2;191;165;48m, Vref/Vout pin: \u001b[38;2;83;166;230m3.3\u001b[0mV\u001b[38;2;191;165;48m, Current: \u001b[38;2;83;166;230m3.0\u001b[0mmA\u001b[38;2;191;165;48m\r\n\u001b[0m\u001b[0m\r\n\u001b[38;2;150;203;89mI2C>\u001b[0m \u0003\u0007"]
["11.576160", "o", "\u001b7\u001b[?25l\u001b[21;0H\u001b[38;2;0;0;0;48;2;179;175;175mVout: 3.29V/300.0mA"]
["11.580213", "o", " max | \u001b[54X\u001b[0m\u001b[23;0H\u001b[8X\u001b[8X\u001b[38;2;83;166;230m002.6\u001b[0mmA\t\u001b[8X\u001b[8XSDA\t\u001b[8X\u001b[8XSCL\t\u001b[8X\u001b[8X-\t\u001b[8X\u001b[8X-\t\u001b[8X\u001b[8X-\t\u001b[8X\u001b[8X-\t\u001b[8X\u001b[8X-\t\u001b[8X\u001b[8X-\t\u001b[8X\u001b[8XGND\t\u001b[24;0H\u001b[8X\u001b[38;2;83;166;230m3.3\u001b[0mV\t\u001b[8X\u001b[38;2;83;166;230m3.2\u001b[0mV\t\u001b[8X\u001b[38;2;83;166;230m3.2\u001b[0mV\t\u001b[8X\u001b[38;2;83;166;230m0.0\u001b[0mV\t\u001b[8X\u001b[38;2;83;166;230m0.0\u001b[0mV\t\u001b[8X\u001b[38;2;83;166;230m0.0\u001b[0mV\t\u001b[8X\u001b[38;2;83;166;230m0.0\u001b[0mV\t\u001b[8X\u001b[38;2;83;166;230m0.0\u001b[0mV\t\u001b[8X\u001b[38;2;83;166;230m0.0\u001b[0mV\t\u001b[8XGND\u001b8\u001b[?25h"]
["12.049228", "o", "\u001b7\u001b[?25l\u001b[23;0H\u001b[38;2;83;166;230m002.4\u001b[0mmA\u001b[24;0H\u001b[38;2;83;166"]
["12.051189", "o", ";230m3.2\u001b[0mV\t\u001b[38;2;83;166;230m3.2\u001b[0mV\t\u001b[38;2;83;166;230m3.2\u001b[0mV\t\u001b[38;2;83;166;230m0.0\u001b[0mV\t\u001b[38;2;83;166;230m0.0\u001b[0mV\t\u001b[38;2;83;166;230m0.0\u001b[0mV\t\u001b[38;2;83;166;230m0.0\u001b[0mV\t\u001b[38;2;83;166;230m0.0\u001b[0mV\t\u001b[38;2;83;166;230m0.0\u001b[0mV\t\t\u001b8\u001b[?25h"]
["12.326844", "m", "Enable pull-ups"]
["12.328024", "o", "P"]
["12.547787", "o", "\u001b7\u001b[?25l\u001b[24;0H\u001b[38;2;83;166;230m3.3\u001b[0mV\t\u001b[38;2;83;166;230m3.2\u001b"]
["12.549916", "o", "[0mV\t\u001b[38;2;83;166;230m3.2\u001b[0mV\t\u001b[38;2;83;166;230m0.0\u001b[0mV\t\u001b[38;2;83;166;230m0.0\u001b[0mV\t\u001b[38;2;83;166;230m0.0\u001b[0mV\t\u001b[38;2;83;166;230m0.0\u001b[0mV\t\u001b[38;2;83;166;230m0.0\u001b[0mV\t\u001b[38;2;83;166;230m0.0\u001b[0mV\t\t\u001b8\u001b[?25h"]
["13.047652", "o", "\u001b7\u001b[?25l\u001b[23;0H\u001b[38;2;83;166;230m002.1\u001b[0mmA\u001b8\u001b[?25h"]
["13.328278", "o", "\r\n"]
["13.337521", "o", "\u001b[38;2;191;165;48mPull-up resistors:\u001b[0m Enabled (10K ohms @ \u001b[3"]
["13.338184", "o", "8;2;83;166;230m3.3\u001b[0mV)\r\n\u001b[0m\r\n\u001b[38;2;150;203;89mI2C>\u001b[0m \u0003\u0007"]
["13.556477", "o", "\u001b7\u001b[?25l\u001b[21;0H\u001b[38;2;0;0;0;48;2;179;175;175mVout: 3.29V/300.0mA"]
["13.559518", "o", " max | Pull-ups: ON | \u001b[39X\u001b[0m\u001b[24;0H\u001b[8X\u001b[38;2;83;166;230m3.3\u001b[0mV\t\u001b[8X\u001b[38;2;83;166;230m3.2\u001b[0mV\t\u001b[8X\u001b[38;2;83;166;230m3.3\u001b[0mV\t\u001b[8X\u001b[38;2;83;166;230m3.2\u001b[0mV\t\u001b[8X\u001b[38;2;83;166;230m3.2\u001b[0mV\t\u001b[8X\u001b[38;2;83;166;230m3.2\u001b[0mV\t\u001b[8X\u001b[38;2;83;166;230m3.2\u001b[0mV\t\u001b[8X\u001b[38;2;83;166;230m3.2\u001b[0mV\t\u001b[8X\u001b[38;2;83;166;230m3.2\u001b[0mV\t\u001b[8XGND\u001b8\u001b[?25h"]
["14.048185", "o", "\u001b7\u001b[?25l\u001b[24;0H\u001b[38;2;83;166;230m3.3\u001b[0mV\t\u001b[38;2;83;166;230m3.3\u001b"]
