{"version": 2, "width": 80, "height": 24, "timestamp": 1750426283.7327042, "env": {"SHELL": "/bin/bash", "TERM": "xterm-256color"}}
["0.000000", "o", "\u001b7\u001b[999;999H\u001b[6n\u001b8"]
["0.001214", "o", "\u001b[?"]
["0.001332", "o", "3l\u001b]0;Bus Pirate 5 REV10\u001b\\"]
["0.002424", "o", "\u001b[0m\u001b[2J\u001b[1;20r"]
["0.005677", "o", "\r\n\u001b[38;2;150;203;89mHiZ>\u001b[0m \u0003"]
["0.007338", "o", "\u001b7\u001b[?25l\u001b[21;0H\u001b[38;2;0;0;0;48;2;179;175;175m\u001b[80X\u001b[0m\u001b[22;0H\u001b[38;2;0;0;0;48;2;219;48;48m\u001b[8X1.Vout\t\u001b[38;2;0;0;0;48;2;219;117;48m\u001b[8X2.IO0\t\u001b[38;2;0;0;0;48;2;219;202;48m\u001b[8X3.IO1\t\u001b[38;2;0;0;0;48;2;48;219;54m\u001b[8X4.IO2\t\u001b[38;2;0;0;0;48;2;48;94;219m\u001b[8X5.IO3\t\u001b[38;2;0;0;0;48;2;142;48;219m\u001b[8X6.IO4\t\u001b[38;2;0;0;0;48;2;160;82;45m\u001b[8X7.IO5\t\u001b[38;2;0;0;0;48;2;179;175;175m\u001b[8X8.IO6\t\u001b[38;2;0;0;0;48;2;247;247;247m\u001b[8X9.IO7\t\u001b[38;2;255;255;255;48;2;0;0;0m\u001b[8X10.GND\t\u001b[0m\u001b[23;0H\u001b[8X\u001b[8XOFF\t\u001b[8X\u001b[8X-\t\u001b[8X\u001b[8X-\t\u001b[8X\u001b[8X-\t\u001b[8X\u001b[8X-\t\u001b[8X\u001b[8X-\t\u001b[8X\u001b[8X-\t\u001b[8X\u001b[8X-\t\u001b[8X\u001b[8X-\t\u001b[8X\u001b[8XGND\t\u001b[24;0H\u001b[8X\u001b[38;2;83;166;230m0.0\u001b[0mV\t\u001b[8X\u001b[38;2;83;166;230m0.0\u001b[0mV\t\u001b[8X\u001b[38;2;83;166;230m0.0\u001b[0mV\t\u001b[8X\u001b[38;2;83;166;230m0.0\u001b[0mV\t\u001b[8X\u001b[38;2;83;166;230m0.0\u001b[0mV\t\u001b[8X\u001b[38;2;83;166;230m0.0\u001b[0mV\t\u001b[8X\u001b[38;2;83;166;230m0.0\u001b[0mV\t\u001b[8X\u001b[38;2;83;166;230m0.0\u001b[0mV\t\u001b[8X\u001b[38;2;83;166;230m0.0\u001b[0mV\t\u001b[8XGND\u001b8\u001b[?25h"]
["0.196969", "o", "\u001b7\u001b[?25l\u001b[21;0H\u001b[38;2;0;0;0;48;2;179;175;175m\u001b[80X\u001b[0m\u001b[23;0H\u001b[8X\u001b[8XOFF\t\u001b[8X\u001b[8X-\t\u001b[8X\u001b[8X-\t\u001b[8X\u001b[8X-\t\u001b[8X\u001b[8X-\t\u001b[8X\u001b[8X-\t\u001b[8X\u001b[8X-\t\u001b[8X\u001b[8X-\t\u001b[8X\u001b[8X-\t\u001b[8X\u001b[8XGND\t\u001b[24;0H\u001b[8X\u001b[38;2;83;166;230m0.0\u001b[0mV\t\u001b[8X\u001b[38;2;83;166;230m0.0\u001b[0mV\t\u001b[8X\u001b[38;2;83;166;230m0.0\u001b[0mV\t\u001b[8X\u001b[38;2;83;166;230m0.0\u001b[0mV\t\u001b[8X\u001b[38;2;83;166;230m0.0\u001b[0mV\t\u001b[8X\u001b[38;2;83;166;230m0.0\u001b[0mV\t\u001b[8X\u001b[38;2;83;166;230m0.0\u001b[0mV\t\u001b[8X\u001b[38;2;83;166;230m0.0\u001b[0mV\t\u001b[8X\u001b[38;2;83;166;230m0.0\u001b[0mV\t\u001b[8XGND\u001b8\u001b[?25h"]
["0.999047", "m", "m i2c - enter I2C mode"]
["0.999701", "o", "m"]
["1.351763", "o", " "]
["1.493272", "o", "i"]
["1.746366", "o", "2"]
["1.932099", "o", "c"]
["2.932767", "o", "\r\n"]
["2.933053", "o", "\r\n\u001b[38;2;191;165;48mMode:\u001b["]
["2.933210", "o", "0m I2C"]
["2.935961", "o", "\r\n"]
["2.936233", "o", "\u001b[38;2;191;165;48mI2C speed\u001b[0m\r\n "]
["2.936388", "o", "1kHz to 1000kHz\r\n x. \u001b[38;2;191;165;48"]
["2.936642", "o", "mExit\u001b[0m\r\n\u001b[38;2;150;203;89mkHz (\u001b[0m400kHz*\u001b[38;2;150;203;89m) >\u001b[0m \u0003\u0007"]
["3.936824", "m", "400kHz speed"]
["3.937415", "o", "4"]
["4.296758", "o", "0"]
["4.646025", "o", "0"]
["5.646359", "o", "\r\n"]
["5.646766", "o", "\u001b[38;2;191;165;48mClock stretching\u001b[0m\r\n 1. \u001b[38;2;191;165;48mOFF*\u001b[0"]
["5.647173", "o", "m\r\n 2. \u001b[38;2;191;165;48mON\u001b[0m\r\n x. \u001b[38;2;191;165;48mExit\u001b[0m\r\n\u001b[38;2;150;203;89mOFF (\u001b[0m1\u001b[38;2;150;203;89m) >\u001b[0m \u0003\u0007"]
["6.647367", "m", "No clock stretching"]
["6.648070", "o", "1"]
["9.089772", "o", "\u001b[0m"]
["9.090135", "o", "\r\n\u001b[38;2;150;203;89mI2C>\u001b[0m \u0003\u0007"]
["9.176729", "o", "\u001b7\u001b[?25l\u001b[21;0H\u001b[38;2;0;0;0;48;2;179;175;175m\u001b[80X\u001b[0m\u001b[23;0H\u001b[8X\u001b[8XOFF\t\u001b[8X\u001b[8XSDA\t\u001b[8X\u001b[8XSCL\t\u001b[8X\u001b[8X-\t\u001b[8X\u001b[8X-\t\u001b[8X\u001b[8X-\t\u001b[8X\u001b[8X-\t\u001b[8X\u001b[8X-\t\u001b[8X\u001b[8X-\t\u001b[8X\u001b[8XGND\t\u001b8\u001b[?25h"]
["10.090382", "m", "Set voltage to 3.3V"]
["10.090956", "o", "W"]
["10.328651", "o", " "]
["10.528181", "o", "3"]
["10.721271", "o", "."]
["10.942149", "o", "3"]
["11.942850", "o", "\r\n"]
["12.181641", "o", "\u001b[38;2;83;166;230m3.30\u001b[0mV\u001b[38;2;191;165;48m requested, closest"]
["12.185688", "o", " value: \u001b[38;2;83;166;230m3.30\u001b[0mV\r\n\u001b[38;2;83;166;230m300.0\u001b[0mmA\u001b[38;2;191;165;48m requested, closest value: \u001b[38;2;83;166;230m300.0\u001b[0mmA\r\n\r\n\u001b[38;2;191;165;48mPower supply:\u001b[0mEnabled\r\n\u001b[38;2;191;165;48mVreg output: \u001b[38;2;83;166;230m3.3\u001b[0mV\u001b[38;2;191;165;48m, Vref/Vout pin: \u001b[38;2;83;166;230m3.3\u001b[0mV\u001b[38;2;191;165;48m, Current: \u001b[38;2;83;166;230m2.6\u001b[0mmA\u001b[38;2;191;165;48m\r\n\u001b[0m\u001b[0m\r\n\u001b[38;2;150;203;89mI2C>\u001b[0m \u0003\u0007"]
["12.186708", "o", "\u001b7\u001b[?25l\u001b[23;0H\u001b[8X\u001b[8X\u001b[38;2;83;166;230m000.0\u001b[0mmA\t\u001b[8X\u001b[8XSDA"]
["12.189867", "o", "\t\u001b[8X\u001b[8XSCL\t\u001b[8X\u001b[8X-\t\u001b[8X\u001b[8X-\t\u001b[8X\u001b[8X-\t\u001b[8X\u001b[8X-\t\u001b[8X\u001b[8X-\t\t\t\u001b[24;0H\u001b[8X\u001b[38;2;83;166;230m3.3\u001b[0mV\t\u001b[8X\u001b[38;2;83;166;230m3.2\u001b[0mV\t\u001b[8X\u001b[38;2;83;166;230m3.2\u001b[0mV\t\u001b[8X\u001b[38;2;83;166;230m0.0\u001b[0mV\t\u001b[8X\u001b[38;2;83;166;230m0.0\u001b[0mV\t\u001b[8X\u001b[38;2;83;166;230m0.0\u001b[0mV\t\u001b[8X\u001b[38;2;83;166;230m0.0\u001b[0mV\t\u001b[8X\u001b[38;2;83;166;230m0.0\u001b[0mV\t\u001b[38;2;83;166;230m0.0\u001b[0mV\t\t\u001b8\u001b[?25h"]
["12.650152", "o", "\u001b7\u001b[?25l\u001b[23;0H\u001b[38;2;83;166;230m002.4\u001b[0mmA\u001b8\u001b[?25h"]
["13.186111", "m", "Enable pull-ups"]
["13.187395", "o", "P"]
["14.148565", "o", "\u001b7\u001b[?25l\u001b[23;0H\u001b[38;2;83;166;230m002.1\u001b[0mmA\u001b8\u001b[?25h"]
["14.188061", "o", "\r\n"]
["14.197181", "o", "\u001b[38;2;191;165;48mPull-up resistors:\u001b[0m Enabled (10K ohms @ \u001b[3"]
["14.197932", "o", "8;2;83;166;230m3.3\u001b[0mV)\r\n\u001b[0m\r\n\u001b[38;2;150;203;89mI2C>\u001b[0m \u0003\u0007"]
["14.656585", "o", "\u001b7\u001b[?25l\u001b[21;0H\u001b[38;2;0;0;0;48;2;179;175;175mVout: 3.29V/300.0mA"]
["14.659664", "o", " max | Pull-ups: ON | \u001b[39X\u001b[0m\u001b[24;0H\u001b[8X\u001b[38;2;83;166;230m3.3\u001b[0mV\t\u001b[8X\u001b[38;2;83;166;230m3.2\u001b[0mV\t\u001b[8X\u001b[38;2;83;166;230m3.2\u001b[0mV\t\u001b[8X\u001b[38;2;83;166;230m3.2\u001b[0mV\t\u001b[8X\u001b[38;2;83;166;230m3.2\u001b[0mV\t\u001b[8X\u001b[38;2;83;166;230m3.2\u001b[0mV\t\u001b[8X\u001b[38;2;83;166;230m3.2\u001b[0mV\t\u001b[8X\u001b[38;2;83;166;230m3.2\u001b[0mV\t\u001b[8X\u001b[38;2;83;166;230m3.2\u001b[0mV\t\u001b[8XGND\u001b8\u001b[?25h"]
["15.148621", "o", "\u001b7\u001b[?25l\u001b[24;0H\u001b[38;2;83;166;230m3.3\u001b[0mV\t\u001b[38;2;83;166;230m3.2\u001b"]
["15.150501", "o", "[0mV\t\u001b[38;2;83;166;230m3.3\u001b[0mV\t\u001b[38;2;83;166;230m3.2\u001b[0mV\t\u001b[38;2;83;166;230m3.2\u001b[0mV\t\u001b[38;2;83;166;230m3.2\u001b[0mV\t\u001b[38;2;83;166;230m3.2\u001b[0mV\t\u001b[38;2;83;166;230m3.2\u001b[0mV\t\u001b[38;2;83;166;230m3.2\u001b[0mV\t\t\u001b8\u001b[?25h"]
["15.198327", "m", "Scan for the I2C address"]
["15.200301", "o", "s"]
["15.385980", "o", "c"]
["15.613292", "o", "a"]
["15.649895", "o", "\u001b7\u001b[?25l\u001b[23;0H\u001b[38;2;83;166;230m002.4\u001b[0mmA\u001b[24;0H\u001b[38;2;83;166"]
["15.651897", "o", ";230m3.3\u001b[0mV\t\u001b[38;2;83;166;230m3.2\u001b[0mV\t\u001b[38;2;83;166;230m3.2\u001b[0mV\t\u001b[38;2;83;166;230m3.2\u001b[0mV\t\u001b[38;2;83;166;230m3.2\u001b[0mV\t\u001b[38;2;83;166;230m3.2\u001b[0mV\t\u001b[38;2;83;166;230m3.2\u001b[0mV\t\u001b[38;2;83;166;230m3.2\u001b[0mV\t\u001b[38;2;83;166;230m3.2\u001b[0mV\t\t\u001b8\u001b[?25h"]
["15.755346", "o", "n"]
["16.755783", "o", "\r\n"]
