{"version": 2, "width": 80, "height": 24, "timestamp": 1748343806.0188928, "env": {"SHELL": "/bin/bash", "TERM": "xterm-256color"}}
["0.000000", "o", "\u001b7"]
["0.000076", "o", "\u001b[999;999H\u001b[6n\u001b8"]
["0.001240", "o", "\u001b[?3"]
["0.001328", "o", "l\u001b]0;Bus Pirate 5 REV10\u001b\\\u001b[0m\u001b["]
["0.002212", "o", "2J\u001b[1;20r"]
["0.002623", "o", "\r\n\u001b[38"]
["0.002688", "o", ";2;150;203;89mHiZ>\u001b[0m \u0003"]
["0.004277", "o", "\u001b7\u001b[?25l\u001b[21;0H\u001b[38;2;0;0;0;48;2;179;175;175m\u001b[80X\u001b[0m\u001b[22;0H\u001b[38;2;0;0;0;48;2;219;48;48m\u001b[8X1.Vout\t\u001b[38;2;0;0;0;48;2;219;117;48m\u001b[8X2.IO0\t\u001b[38;2;0;0;0;48;2;219;202;48m\u001b[8X3.IO1\t\u001b[38;2;0;0;0;48;2;48;219;54m\u001b[8X4.IO2\t\u001b[38;2;0;0;0;48;2;48;94;219m\u001b[8X5.IO3\t\u001b[38;2;0;0;0;48;2;142;48;219m\u001b[8X6.IO4\t\u001b[38;2;0;0;0;48;2;160;82;45m\u001b[8X7.IO5\t\u001b[38;2;0;0;0;48;2;179;175;175m\u001b[8X8.IO6\t\u001b[38;2;0;0;0;48;2;247;247;247m\u001b[8X9.IO7\t\u001b[38;2;255;255;255;48;2;0;0;0m\u001b[8X10.GND\t\u001b[0m\u001b[23;0H\u001b[8X\u001b[8XOFF\t\u001b[8X\u001b[8X-\t\u001b[8X\u001b[8X-\t\u001b[8X\u001b[8X-\t\u001b[8X\u001b[8X-\t\u001b[8X\u001b[8X-\t\u001b[8X\u001b[8X-\t\u001b[8X\u001b[8X-\t\u001b[8X\u001b[8X-\t\u001b[8X\u001b[8XGND\t\u001b[24;0H\u001b[8X\u001b[38;2;83;166;230m0.0\u001b[0mV\t\u001b[8X\u001b[38;2;83;166;230m0.0\u001b[0mV\t\u001b[8X\u001b[38;2;83;166;230m0.0\u001b[0mV\t\u001b[8X\u001b[38;2;83;166;230m0.0\u001b[0mV\t\u001b[8X\u001b[38;2;83;166;230m0.0\u001b[0mV\t\u001b[8X\u001b[38;2;83;166;230m0.0\u001b[0mV\t\u001b[8X\u001b[38;2;83;166;230m0.0\u001b[0mV\t\u001b[8X\u001b[38;2;83;166;230m0.0\u001b[0mV\t\u001b[8X\u001b[38;2;83;166;230m0.0\u001b[0mV\t\u001b[8XGND\u001b8\u001b[?25h"]
["0.079711", "o", "\u001b7\u001b[?25l\u001b[21;0H\u001b[38;2;0;0;0;48;2;179;175;175m\u001b[80X\u001b[0m\u001b[23;0H\u001b[8X\u001b[8XOFF\t\u001b[8X\u001b[8X-\t\u001b[8X\u001b[8X-\t\u001b[8X\u001b[8X-\t\u001b[8X\u001b[8X-\t\u001b[8X\u001b[8X-\t\u001b[8X\u001b[8X-\t\u001b[8X\u001b[8X-\t\u001b[8X\u001b[8X-\t\u001b[8X\u001b[8XGND\t\u001b[24;0H\u001b[8X\u001b[38;2;83;166;230m0.0\u001b[0mV\t\u001b[8X\u001b[38;2;83;166;230m0.0\u001b[0mV\t\u001b[8X\u001b[38;2;83;166;230m0.0\u001b[0mV\t\u001b[8X\u001b[38;2;83;166;230m0.0\u001b[0mV\t\u001b[8X\u001b[38;2;83;166;230m0.0\u001b[0mV\t\u001b[8X\u001b[38;2;83;166;230m0.0\u001b[0mV\t\u001b[8X\u001b[38;2;83;166;230m0.0\u001b[0mV\t\u001b[8X\u001b[38;2;83;166;230m0.0\u001b[0mV\t\u001b[8X\u001b[38;2;83;166;230m0.0\u001b[0mV\t\u001b[8XGND\u001b8\u001b[?25h"]
["0.999158", "m", "Read mobile/bank SIM card ATR"]
["0.999702", "o", "m"]
["1.052840", "o", " "]
["1.106270", "o", "h"]
["1.214150", "o", "d"]
["1.333585", "o", "u"]
["1.532597", "o", "a"]
["1.647479", "o", "r"]
["1.702957", "o", "t"]
["2.203292", "o", "\r\n"]
["2.203637", "o", "\r\n\u001b[38;2;191;165;48mMode:\u001b[0m "]
["2.203715", "o", "HDUART"]
["2.204046", "o", "\r\n\u001b[38;2;1"]
["2.204399", "o", "91;165;48mUART speed\u001b[0m\r\n 1200, 2400, 4800, 9600, 19200"]
["2.204700", "o", ", 38400, 57600, 115200 etc\r\n x. \u001b[38;2;191;165;48mExit\u001b[0m\r\n\u001b[38;2;150;203;89mBaud (\u001b[0m115200*\u001b[38;2;150;203;89m) >\u001b[0m \u0003\u0007"]
["2.705535", "o", "9"]
["2.843563", "o", "6"]
["2.961765", "o", "0"]
["3.087327", "o", "0"]
["3.587633", "o", "\r\n"]
["3.587933", "o", "\u001b[38;2;191;165;48mData bits\u001b[0m\r\n 5 "]
["3.588211", "o", "to 8 bits\r\n x. \u001b[38;2;191;165;48mExit\u001b[0m\r\n\u001b[38;2;150;203;89mBits (\u001b[0m8*\u001b[38;2;150;203;89m) >\u001b[0m \u0003\u0007"]
["4.089019", "o", "8"]
["4.589319", "o", "\r\n"]
["4.589728", "o", "\u001b[38;2;191;165;48mParity\u001b[0m\r\n 1. \u001b[38;2;191;165;48mNone*\u001b[0m\r\n 2. \u001b[38;2;191;165;48mEven\u001b[0m\r\n"]
["4.590129", "o", " 3. \u001b[38;2;191;165;48mOdd\u001b[0m\r\n x. \u001b[38;2;191;165;48mExit\u001b["]
["4.590330", "o", "0m\r\n\u001b[38;2;150;203;89mParity (\u001b[0m1\u001b[38;2;150;203;89m) >\u001b[0m \u0003\u0007"]
["5.091269", "o", "2"]
["5.591307", "o", "\r\n"]
["5.591581", "o", "\u001b[38;2;191;165;48mStop bits\u001b[0m\r\n 1. \u001b[38;2;191;165;48m1*\u001b[0m\r\n "]
["5.591752", "o", "2. \u001b[38;2;191;165;48m2\u001b[0m\r\n x. \u001b[38;2;191;165;48mExit\u001b[0m\r\n\u001b[38;2;150;203;89m"]
["5.591878", "o", "Bits (\u001b[0m1\u001b[38;2;150;203;89m) >\u001b[0m \u0003\u0007"]
["6.092599", "o", "2"]
["7.347956", "o", "\u001b[0m\r\n\u001b[38"]
["7.348122", "o", ";2;150;203;89mHDUART>\u001b[0m \u0003\u0007"]
["7.563109", "o", "\u001b7\u001b[?25l\u001b[21;0H\u001b[38;2;0;0;0;48;2;179;175;175m\u001b[80X\u001b[0m\u001b[23;0H\u001b[8X\u001b[8XOFF\t\u001b[8X\u001b[8XRXTX\t\u001b[8X\u001b[8X-\t\u001b[8X\u001b[8X-\t\u001b[8X\u001b[8X-\t\u001b[8X\u001b[8X-\t\u001b[8X\u001b[8X-\t\u001b[8X\u001b[8X-\t\u001b[8X\u001b[8X-\t\u001b[8X\u001b[8XGND\t\u001b8\u001b[?25h"]
["7.849251", "o", "W"]
["7.942041", "o", " "]
["8.080405", "o", "3"]
["8.278630", "o", "."]
["8.337001", "o", "3"]
["8.835721", "o", "\r\n"]
["9.068581", "o", "\u001b[38;2;83;166;230m3.30\u001b[0mV\u001b[38;2;191;165;48m requested, closest"]
["9.072359", "o", " value: \u001b[38;2;83;166;230m3.30\u001b[0mV\r\n\u001b[38;2;83;166;230m300.0\u001b[0mmA\u001b[38;2;191;165;48m requested, closest value: \u001b[38;2;83;166;230m300.0\u001b[0mmA\r\n\r\n\u001b[38;2;191;165;48mPower supply:\u001b[0mEnabled\r\n\u001b[38;2;191;165;48mVreg output: \u001b[38;2;83;166;230m3.3\u001b[0mV\u001b[38;2;191;165;48m, Vref/Vout pin: \u001b[38;2;83;166;230m3.3\u001b[0mV\u001b[38;2;191;165;48m, Current: \u001b[38;2;83;166;230m2.6\u001b[0mmA\u001b[38;2;191;165;48m\r\n\u001b[0m\u001b[0m\r\n\u001b[38;2;150;203;89mHDUART>\u001b[0m \u0003\u0007"]
["9.073568", "o", "\u001b7\u001b[?25l\u001b[23;0H\u001b[8X\u001b[8X\u001b[38;2;83;166;230m000.0\u001b[0mmA\t\u001b[8X\u001b[8XRXT"]
["9.076274", "o", "X\t\u001b[8X\u001b[8X-\t\u001b[8X\u001b[8X-\t\u001b[8X\u001b[8X-\t\u001b[8X\u001b[8X-\t\u001b[8X\u001b[8X-\t\u001b[8X\u001b[8X-\t\t\t\u001b[24;0H\u001b[8X\u001b[38;2;83;166;230m3.3\u001b[0mV\t\u001b[8X\u001b[38;2;83;166;230m3.2\u001b[0mV\t\u001b[8X\u001b[38;2;83;166;230m0.0\u001b[0mV\t\u001b[8X\u001b[38;2;83;166;230m2.9\u001b[0mV\t\u001b[8X\u001b[38;2;83;166;230m0.0\u001b[0mV\t\u001b[8X\u001b[38;2;83;166;230m0.0\u001b[0mV\t\u001b[8X\u001b[38;2;83;166;230m0.0\u001b[0mV\t\u001b[8X\u001b[38;2;83;166;230m0.0\u001b[0mV\t\u001b[38;2;83;166;230m0.0\u001b[0mV\t\t\u001b8\u001b[?25h"]
["9.537629", "o", "\u001b7\u001b[?25l\u001b[23;0H\u001b[38;2;83;166;230m002.4\u001b[0mmA\u001b[24;0H\u001b[38;2;83;166"]
["9.539714", "o", ";230m3.3\u001b[0mV\t\u001b[38;2;83;166;230m3.1\u001b[0mV\t\u001b[38;2;83;166;230m0.0\u001b[0mV\t\u001b[38;2;83;166;230m2.9\u001b[0mV\t\u001b[38;2;83;166;230m0.0\u001b[0mV\t\u001b[38;2;83;166;230m0.0\u001b[0mV\t\u001b[38;2;83;166;230m0.0\u001b[0mV\t\u001b[38;2;83;166;230m0.0\u001b[0mV\t\u001b[38;2;83;166;230m0.0\u001b[0mV\t\t\u001b8\u001b[?25h"]
["9.573827", "o", "P"]
["10.034750", "o", "\u001b7\u001b[?25l\u001b[23;0H\u001b[38;2;83;166;230m002.1\u001b[0mmA\u001b8\u001b[?25h"]
["10.074321", "o", "\r\n"]
["10.083432", "o", "\u001b[38;2;191;165;48mPull-up resistors:\u001b[0m Enabled (10K ohms @ \u001b[3"]
["10.084442", "o", "8;2;83;166;230m3.2\u001b[0mV)\r\n\u001b[0m\r\n\u001b[38;2;150;203;89mHDUART>\u001b[0m \u0003\u0007"]
["10.545199", "o", "\u001b7\u001b[?25l\u001b[21;0H\u001b[38;2;0;0;0;48;2;179;175;175mVout: 3.29V/300.0mA"]
["10.548133", "o", " max | Pull-ups: ON | \u001b[39X\u001b[0m\u001b[24;0H\u001b[8X\u001b[38;2;83;166;230m3.3\u001b[0mV\t\u001b[8X\u001b[38;2;83;166;230m3.2\u001b[0mV\t\u001b[8X\u001b[38;2;83;166;230m3.2\u001b[0mV\t\u001b[8X\u001b[38;2;83;166;230m3.2\u001b[0mV\t\u001b[8X\u001b[38;2;83;166;230m3.2\u001b[0mV\t\u001b[8X\u001b[38;2;83;166;230m3.3\u001b[0mV\t\u001b[8X\u001b[38;2;83;166;230m3.2\u001b[0mV\t\u001b[8X\u001b[38;2;83;166;230m3.2\u001b[0mV\t\u001b[8X\u001b[38;2;83;166;230m3.3\u001b[0mV\t\u001b[8XGND\u001b8\u001b[?25h"]
["10.586578", "o", "G"]
