{"version": 2, "width": 80, "height": 24, "timestamp": 1746113188.8161805, "env": {"SHELL": "/bin/bash", "TERM": "xterm-256color"}}
["0.000000", "o", "\u001b7\u001b[999;999H\u001b[6n\u001b8"]
["0.001691", "o", "\u001b[?3l"]
["0.001889", "o", "\u001b]0;Bus Pirate 5 REV10\u001b\\\u001b[0m\u001b[2J"]
["0.002889", "o", "\u001b[1;20r"]
["0.003798", "o", "\r\n"]
["0.004086", "o", "\u001b[38;2;150;203;89mLED-()>\u001b[0m \u0003"]
["0.004609", "o", "\u001b7\u001b[?25l\u001b[21;0H\u001b[38;2;0;0;0;48;2;179;175;175m\u001b[80X\u001b[0m\u001b[22;0H\u001b[38;2;0;0;0;48;2;219;48;48m\u001b[8X1.Vout\t\u001b[38;2;0;0;0;48;2;219;117;48m\u001b[8X2.IO0\t\u001b[38;2;0;0;0;48;2;219;202;48m\u001b[8X3.IO1\t\u001b[38;2;0;0;0;48;2;48;219;54m\u001b[8X4.IO2\t\u001b[38;2;0;0;0;48;2;48;94;219m\u001b[8X5.IO3\t\u001b[38;2;0;0;0;48;2;142;48;219m\u001b[8X6.IO4\t\u001b[38;2;0;0;0;48;2;160;82;45m\u001b[8X7.IO5\t\u001b[38;2;0;0;0;48;2;179;175;175m\u001b[8X8.IO6\t\u001b[38;2;0;0;0;48;2;247;247;247m\u001b[8X9.IO7\t\u001b[38;2;255;255;255;48;2;0;0;0m\u001b[8X10.GND\t\u001b[0m\u001b[23;0H\u001b[8X\u001b[8XOFF\t\u001b[8X\u001b[8X-\t\u001b[8X\u001b[8X-\t\u001b[8X\u001b[8X-\t\u001b[8X\u001b[8X-\t\u001b[8X\u001b[8X-\t\u001b[8X\u001b[8X-\t\u001b[8X\u001b[8X-\t\u001b[8X\u001b[8X-\t\u001b[8X\u001b[8XGND\t\u001b[24;0H\u001b[8X\u001b[38;2;83;166;230m0.0\u001b[0mV\t\u001b[8X\u001b[38;2;83;166;230m0.0\u001b[0mV\t\u001b[8X\u001b[38;2;83;166;230m0.0\u001b[0mV\t\u001b[8X\u001b[38;2;83;166;230m0.0\u001b[0mV\t\u001b[8X\u001b[38;2;83;166;230m0.0\u001b[0mV\t\u001b[8X\u001b[38;2;83;166;230m0.0\u001b[0mV\t\u001b[8X\u001b[38;2;83;166;230m0.0\u001b[0mV\t\u001b[8X\u001b[38;2;83;166;230m0.0\u001b[0mV\t\u001b[8X\u001b[38;2;83;166;230m0.0\u001b[0mV\t\u001b[8XGND\u001b8\u001b[?25h"]
["0.512431", "o", "\u001b7\u001b[?25l\u001b[21;0H\u001b[38;2;0;0;0;48;2;179;175;175m\u001b[80X\u001b[0m\u001b[23;0H\u001b[8X\u001b[8XOFF\t\u001b[8X\u001b[8X-\t\u001b[8X\u001b[8X-\t\u001b[8X\u001b[8X-\t\u001b[8X\u001b[8X-\t\u001b[8X\u001b[8X-\t\u001b[8X\u001b[8X-\t\u001b[8X\u001b[8X-\t\u001b[8X\u001b[8X-\t\u001b[8X\u001b[8XGND\t\u001b[24;0H\u001b[8X\u001b[38;2;83;166;230m0.0\u001b[0mV\t\u001b[8X\u001b[38;2;83;166;230m0.0\u001b[0mV\t\u001b[8X\u001b[38;2;83;166;230m0.0\u001b[0mV\t\u001b[8X\u001b[38;2;83;166;230m0.0\u001b[0mV\t\u001b[8X\u001b[38;2;83;166;230m0.0\u001b[0mV\t\u001b[8X\u001b[38;2;83;166;230m0.0\u001b[0mV\t\u001b[8X\u001b[38;2;83;166;230m0.0\u001b[0mV\t\u001b[8X\u001b[38;2;83;166;230m0.0\u001b[0mV\t\u001b[8X\u001b[38;2;83;166;230m0.0\u001b[0mV\t\u001b[8XGND\u001b8\u001b[?25h"]
["0.998632", "m", "W - enable PSU (interactive)"]
["0.999162", "o", "W"]
["1.999735", "o", "\r\n"]
["2.000286", "o", "\u001b[38;2;191;165;48mPower supply\r\nVolts (0.80V-5.00V)\u001b[0m\r\n\u001b[38;2;150;203;89mx to exit (3.30) >\u001b[0m \u0003\u0007"]
["3.001199", "o", "5"]
["4.001707", "o", "\r\n"]
["4.001947", "o", "\u001b[38;2;191;165;48mMaximum current (1mA-500mA), 0 for unlimited\u001b[0m\r\n\u001b[38;2;150;203"]
["4.002057", "o", ";89mx to exit (300.00) >\u001b[0m \u0003\u0007"]
["5.002825", "o", "1"]
["5.251092", "o", "0"]
["5.470071", "o", "0"]
["6.470402", "o", "\r\n"]
["6.694761", "o", "\u001b[38;2;83;166;230m5.00\u001b[0mV\u001b[38;2;191;165;48m requested, closest"]
["6.695419", "o", " value: \u001b[38;2;83;166;230m5.00\u001b[0mV\r\n\u001b[38;2;83;166;230m100.0\u001b[0m"]
["6.698364", "o", "mA\u001b[38;2;191;165;48m requested, closest value: \u001b[38;2;83;166;230m100.0\u001b[0mmA\r\n\r\n\u001b[38;2;191;165;48mPower supply:\u001b[0mEnabled\r\n\u001b[38;2;191;165;48mVreg output: \u001b[38;2;83;166;230m5.0\u001b[0mV\u001b[38;2;191;165;48m, Vref/Vout pin: \u001b[38;2;83;166;230m5.0\u001b[0mV\u001b[38;2;191;165;48m, Current: \u001b[38;2;83;166;230m3.0\u001b[0mmA\u001b[38;2;191;165;48m\r\n\u001b[0m\u001b[0m\r\n\u001b[38;2;150;203;89mLED-()>\u001b[0m \u0003\u0007"]
["6.992472", "o", "\u001b7\u001b[?25l\u001b[21;0H\u001b[38;2;0;0;0;48;2;179;175;175mVout: 5.0V/100.0mA "]
["6.996166", "o", "max | \u001b[55X\u001b[0m\u001b[23;0H\u001b[8X\u001b[8X\u001b[38;2;83;166;230m002.6\u001b[0mmA\t\u001b[8X\u001b[8X-\t\u001b[8X\u001b[8X-\t\u001b[8X\u001b[8X-\t\u001b[8X\u001b[8X-\t\u001b[8X\u001b[8X-\t\u001b[8X\u001b[8X-\t\u001b[8X\u001b[8X-\t\u001b[8X\u001b[8X-\t\u001b[8X\u001b[8XGND\t\u001b[24;0H\u001b[8X\u001b[38;2;83;166;230m5.0\u001b[0mV\t\u001b[8X\u001b[38;2;83;166;230m0.0\u001b[0mV\t\u001b[8X\u001b[38;2;83;166;230m0.0\u001b[0mV\t\u001b[8X\u001b[38;2;83;166;230m0.0\u001b[0mV\t\u001b[8X\u001b[38;2;83;166;230m0.0\u001b[0mV\t\u001b[8X\u001b[38;2;83;166;230m0.0\u001b[0mV\t\u001b[8X\u001b[38;2;83;166;230m0.0\u001b[0mV\t\u001b[8X\u001b[38;2;83;166;230m0.0\u001b[0mV\t\u001b[8X\u001b[38;2;83;166;230m0.0\u001b[0mV\t\u001b[8XGND\u001b8\u001b[?25h"]
["7.468084", "o", "\u001b7\u001b[?25l\u001b[23;0H\u001b[38;2;83;166;230m002.4\u001b[0mmA\u001b8\u001b[?25h"]
["7.698833", "m", "W 5 100 - enable PSU (command line options)"]
["7.699781", "o", "W"]
["7.973842", "o", " "]
["8.137452", "o", "5"]
["8.376131", "o", " "]
["8.711284", "o", "1"]
["9.077482", "o", "0"]
["9.285487", "o", "0"]
["10.285730", "o", "\r\n"]
["10.487038", "o", "\u001b7\u001b[?25l\u001b[23;0H\u001b[8X\u001b[8X-\t\u001b[8X\u001b[8X-\t\u001b[8X\u001b[8X-\t\u001b[8X\u001b[8X-\t\u001b[8X\u001b[8X-\t\u001b[8X\u001b[8X-\t\u001b[8X\u001b[8X-\t\u001b[8X\u001b[8X-\t\t\t\u001b8\u001b[?25h"]
["10.510304", "o", "\u001b[38;2;83;166;230m5.00\u001b[0mV\u001b[38;2;191;165;48m requested, closest"]
["10.514334", "o", " value: \u001b[38;2;83;166;230m5.00\u001b[0mV\r\n\u001b[38;2;83;166;230m100.0\u001b[0mmA\u001b[38;2;191;165;48m requested, closest value: \u001b[38;2;83;166;230m100.0\u001b[0mmA\r\n\r\n\u001b[38;2;191;165;48mPower supply:\u001b[0mEnabled\r\n\u001b[38;2;191;165;48mVreg output: \u001b[38;2;83;166;230m5.0\u001b[0mV\u001b[38;2;191;165;48m, Vref/Vout pin: \u001b[38;2;83;166;230m5.0\u001b[0mV\u001b[38;2;191;165;48m, Current: \u001b[38;2;83;166;230m2.3\u001b[0mmA\u001b[38;2;191;165;48m\r\n\u001b[0m\u001b[0m\r\n\u001b[38;2;150;203;89mLED-()>\u001b[0m \u0003\u0007"]
["10.972543", "o", "\u001b7\u001b[?25l\u001b[21;0H\u001b[38;2;0;0;0;48;2;179;175;175mVout: 5.0V/100.0mA "]
["10.974005", "o", "max | \u001b[55X\u001b[0m\u001b[23;0H\u001b[8X\u001b[8X\u001b[38;2;83;166;230m002.1\u001b[0mmA\t\u001b[8X\u001b[8X-\t\u001b[8X\u001b[8X-\t\u001b[8X\u001b[8X-\t\u001b[8X\u001b[8X-\t\u001b[8X\u001b[8X-\t\u001b[8X\u001b[8X-\t\u001b[8X\u001b[8X-\t\u001b[8X\u001b[8X-\t\u001b[8X\u001b[8XGND\t\u001b8\u001b[?25h"]
["11.515012", "m", "W 5 - enable PSU (default current limit)"]
["11.515484", "o", "W"]
["11.743640", "o", " "]
["11.859313", "o", "5"]
["11.967585", "o", "\u001b7\u001b[?25l\u001b[23;0H\u001b[38;2;83;166;230m002.4\u001b[0mmA\u001b8\u001b[?25h"]
["12.859324", "o", "\r\n"]
["12.986854", "o", "\u001b7\u001b[?25l\u001b[23;0H\u001b[8X\u001b[8X-\t\u001b[8X\u001b[8X-\t\u001b[8X\u001b[8X-\t\u001b[8X\u001b[8X-\t\u001b[8X\u001b[8X-\t\u001b[8X\u001b[8X-\t\u001b[8X\u001b[8X-\t\u001b[8X\u001b[8X-\t\t\t\u001b8\u001b[?25h"]
["13.083841", "o", "\u001b[38;2;83;166;230m5.00\u001b[0mV\u001b[38;2;191;165;48m requested, closest"]
["13.087585", "o", " value: \u001b[38;2;83;166;230m5.00\u001b[0mV\r\n\u001b[38;2;83;166;230m300.0\u001b[0mmA\u001b[38;2;191;165;48m requested, closest value: \u001b[38;2;83;166;230m300.0\u001b[0mmA\r\n\r\n\u001b[38;2;191;165;48mPower supply:\u001b[0mEnabled\r\n\u001b[38;2;191;165;48mVreg output: \u001b[38;2;83;166;230m5.0\u001b[0mV\u001b[38;2;191;165;48m, Vref/Vout pin: \u001b[38;2;83;166;230m5.0\u001b[0mV\u001b[38;2;191;165;48m, Current: \u001b[38;2;83;166;230m2.3\u001b[0mmA\u001b[38;2;191;165;48m\r\n\u001b[0m\u001b[0m\r\n\u001b[38;2;150;203;89mLED-()>\u001b[0m \u0003\u0007"]
["13.472216", "o", "\u001b7\u001b[?25l\u001b[21;0H\u001b[38;2;0;0;0;48;2;179;175;175mVout: 5.0V/300.0mA "]
