{"version": 2, "width": 80, "height": 24, "timestamp": 1746113212.6396816, "env": {"SHELL": "/bin/bash", "TERM": "xterm-256color"}}
["0.000000", "o", "\u001b7\u001b"]
["0.000134", "o", "[999;999H\u001b[6n\u001b8"]
["0.001081", "o", "\u001b[?3l\u001b"]
["0.001280", "o", "]0;Bus Pirate 5 REV10\u001b\\\u001b[0m\u001b[2J"]
["0.002293", "o", "\u001b[1;20r"]
["0.002505", "o", "\r\n\u001b["]
["0.002635", "o", "38;2;150;203;89mHiZ>\u001b[0m \u0003"]
["0.003986", "o", "\u001b7\u001b[?25l\u001b[21;0H\u001b[38;2;0;0;0;48;2;179;175;175m\u001b[80X\u001b[0m\u001b[22;0H\u001b[38;2;0;0;0;48;2;219;48;48m\u001b[8X1.Vout\t\u001b[38;2;0;0;0;48;2;219;117;48m\u001b[8X2.IO0\t\u001b[38;2;0;0;0;48;2;219;202;48m\u001b[8X3.IO1\t\u001b[38;2;0;0;0;48;2;48;219;54m\u001b[8X4.IO2\t\u001b[38;2;0;0;0;48;2;48;94;219m\u001b[8X5.IO3\t\u001b[38;2;0;0;0;48;2;142;48;219m\u001b[8X6.IO4\t\u001b[38;2;0;0;0;48;2;160;82;45m\u001b[8X7.IO5\t\u001b[38;2;0;0;0;48;2;179;175;175m\u001b[8X8.IO6\t\u001b[38;2;0;0;0;48;2;247;247;247m\u001b[8X9.IO7\t\u001b[38;2;255;255;255;48;2;0;0;0m\u001b[8X10.GND\t\u001b[0m\u001b[23;0H\u001b[8X\u001b[8XOFF\t\u001b[8X\u001b[8X-\t\u001b[8X\u001b[8X-\t\u001b[8X\u001b[8X-\t\u001b[8X\u001b[8X-\t\u001b[8X\u001b[8X-\t\u001b[8X\u001b[8X-\t\u001b[8X\u001b[8X-\t\u001b[8X\u001b[8X-\t\u001b[8X\u001b[8XGND\t\u001b[24;0H\u001b[8X\u001b[38;2;83;166;230m0.0\u001b[0mV\t\u001b[8X\u001b[38;2;83;166;230m0.0\u001b[0mV\t\u001b[8X\u001b[38;2;83;166;230m0.0\u001b[0mV\t\u001b[8X\u001b[38;2;83;166;230m0.0\u001b[0mV\t\u001b[8X\u001b[38;2;83;166;230m0.0\u001b[0mV\t\u001b[8X\u001b[38;2;83;166;230m0.0\u001b[0mV\t\u001b[8X\u001b[38;2;83;166;230m0.0\u001b[0mV\t\u001b[8X\u001b[38;2;83;166;230m0.0\u001b[0mV\t\u001b[8X\u001b[38;2;83;166;230m0.0\u001b[0mV\t\u001b[8XGND\u001b8\u001b[?25h"]
["0.188605", "o", "\u001b7\u001b[?25l\u001b[21;0H\u001b[38;2;0;0;0;48;2;179;175;175m\u001b[80X\u001b[0m\u001b[23;0H\u001b[8X\u001b[8XOFF\t\u001b[8X\u001b[8X-\t\u001b[8X\u001b[8X-\t\u001b[8X\u001b[8X-\t\u001b[8X\u001b[8X-\t\u001b[8X\u001b[8X-\t\u001b[8X\u001b[8X-\t\u001b[8X\u001b[8X-\t\u001b[8X\u001b[8X-\t\u001b[8X\u001b[8XGND\t\u001b[24;0H\u001b[8X\u001b[38;2;83;166;230m0.0\u001b[0mV\t\u001b[8X\u001b[38;2;83;166;230m0.0\u001b[0mV\t\u001b[8X\u001b[38;2;83;166;230m0.0\u001b[0mV\t\u001b[8X\u001b[38;2;83;166;230m0.0\u001b[0mV\t\u001b[8X\u001b[38;2;83;166;230m0.0\u001b[0mV\t\u001b[8X\u001b[38;2;83;166;230m0.0\u001b[0mV\t\u001b[8X\u001b[38;2;83;166;230m0.0\u001b[0mV\t\u001b[8X\u001b[38;2;83;166;230m0.0\u001b[0mV\t\u001b[8X\u001b[38;2;83;166;230m0.0\u001b[0mV\t\u001b[8XGND\u001b8\u001b[?25h"]
["0.999310", "m", "m - change to LED mode"]
["0.999861", "o", "m"]
["2.000191", "o", "\r\n"]
["2.000530", "o", "\r\n\u001b[38;2;191;165;48mMode selection\u001b[0m\r\n 1. \u001b[38;2;191;165;48mHiZ\u001b[0m"]
["2.000853", "o", "\r\n 2. \u001b[38;2;191;165;48m1WIRE\u001b[0m\r\n "]
["2.001338", "o", "3. \u001b[38;2;191;165;48mUART\u001b[0m\r\n 4. \u001b[38;2;191;165;48mHDUART\u001b[0m\r\n 5. \u001b[38;2;191;165;48mI2C\u001b[0m\r\n 6. \u001b[38;2;191;165;48mSPI\u001b[0m\r\n 7. \u001b[38;2;191;165;48m2WIRE\u001b[0m\r\n 8. \u001b[38;2;191;165;48m3WIRE\u001b[0m\r\n 9. \u001b[38;2;191;165;48mDIO\u001b[0m\r\n 10. \u001b[38;2;191;165;48mLED\u001b[0m\r\n 11. \u001b[38;2;191;165;48mINFRARED\u001b[0m\r\n 12. \u001b[38;2;191;165;48mJTAG\u001b[0m\r\n x. \u001b[38;2;191;165;48mExit\u001b[0m\r\n\u001b[38;2;150;203;89mMode >\u001b[0m \u0003\u0007"]
["3.002323", "o", "1"]
["3.164825", "o", "0"]
["4.165089", "o", "\r\n"]
["4.165238", "o", "\u001b[38;2;191;165;48mMode:\u001b[0m LED"]
["4.168479", "o", "\r\n"]
["4.168862", "o", "\u001b[38;2;191;165;48mLED type\u001b[0m\r\n 1. \u001b[38;2;191;165;48mWS2812/SK681"]
["4.169237", "o", "2/'NeoPixel' (single wire interface)*\u001b[0m\r\n 2. \u001b[38;2;191;165;48mAPA102/SK9822 (clock and data interface)\u001b[0m\r\n 3. \u001b[38;2;191;165;48mOnboard LEDs (18 SK6812s)\u001b[0m\r\n x. \u001b[38;2;191;165;48mExit\u001b[0m\r\n\u001b[38;2;150;203;89mType (\u001b"]
["4.169375", "o", "[0m1\u001b[38;2;150;203;89m) >\u001b[0m \u0003\u0007"]
["5.169576", "m", "3 - select onboard LEDs"]
["5.170042", "o", "3"]
["7.040771", "o", "\u001b[0m\r\n\u001b[38;2;"]
["7.040965", "o", "150;203;89mLED-()>\u001b[0m \u0003\u0007"]
["7.172018", "o", "\u001b7\u001b[?25l\u001b[21;0H\u001b[38;2;0;0;0;48;2;179;175;175m\u001b[80X\u001b[0m\u001b[23;0H\u001b[8X\u001b[8XOFF\t\u001b[8X\u001b[8X-\t\u001b[8X\u001b[8X-\t\u001b[8X\u001b[8X-\t\u001b[8X\u001b[8X-\t\u001b[8X\u001b[8X-\t\u001b[8X\u001b[8X-\t\u001b[8X\u001b[8X-\t\u001b[8X\u001b[8X-\t\u001b[8X\u001b[8XGND\t\u001b8\u001b[?25h"]
["8.041480", "m", "LED red (binary input)"]
["8.042146", "o", "["]
["8.201496", "o", "0"]
["8.337675", "o", "b"]
["8.511259", "o", "1"]
["8.871664", "o", "1"]
["9.080808", "o", "1"]
["9.308021", "o", "1"]
["9.460330", "o", "1"]
["9.749707", "o", "1"]
["9.946009", "o", "1"]
["10.327936", "o", "1"]
["10.544785", "o", "0"]
["10.817070", "o", "0"]
["11.026191", "o", "0"]
["11.305207", "o", "0"]
["11.585196", "o", "0"]
["11.984297", "o", "0"]
["12.124132", "o", "0"]
["12.409755", "o", "0"]
["12.655841", "o", "0"]
["12.988246", "o", "0"]
["13.191267", "o", "0"]
["13.362222", "o", "0"]
["13.515533", "o", "0"]
["13.821722", "o", "0"]
["14.074037", "o", "0"]
["14.427264", "o", "0"]
["14.733099", "o", "."]
["14.846620", "o", "2"]
["15.038134", "o", "4"]
["16.038518", "o", "\r\n"]
["16.046056", "o", "\r\nRESET\r\n\u001b[38;2;191;165;48mTX:\u001b[0m 0b\u001b[38;2;83;166;230m1111\u001b[0m1111\u001b[38;2;83;166;230m0000\u001b[0m0000\u001b[38;2;83;166;230m0000\u001b[0m0000\u001b[0m.24 \r\n\u001b[38;2;150;203;89mLED-()>\u001b[0m \u0003\u0007"]
["17.046337", "m", "= - convert binary to HEX"]
["17.046929", "o", "="]
["17.218230", "o", " "]
["17.435156", "o", "0"]
["17.831476", "o", "b"]
["17.935119", "o", "1"]
["18.139098", "o", "1"]
["18.343198", "o", "1"]
["18.638308", "o", "1"]
["18.759342", "o", "1"]
["18.922313", "o", "1"]
["19.206268", "o", "1"]
["19.561066", "o", "1"]
["20.561571", "o", "\r\n"]
["20.561755", "o", " \u001b[0m=0x\u001b[38;2;83;166;230mFF\u001b[0m \u001b[0m=255 \u001b[0m=0b\u001b[38;2;83;166;230m1111"]
["20.561998", "o", "\u001b[0m1111\u001b[0m\u001b[0m\r\n\u001b[38;2;150;203;"]
["20.562154", "o", "89mLED-()>\u001b[0m \u0003\u0007"]
["21.562925", "o", "="]
["21.952776", "o", " "]
["22.270795", "o", "0"]
["22.581835", "o", "b"]
["22.734711", "o", "0"]
["22.840058", "o", "0"]
["22.972010", "o", "0"]
["23.219623", "o", "0"]
["23.535361", "o", "0"]
["23.847874", "o", "0"]
["24.167906", "o", "0"]
["24.339278", "o", "0"]
["25.339411", "o", "\r\n"]
["25.339504", "o", " "]
["25.339611", "o", "\u001b[0m=0x\u001b[38;2;83;166;230m00\u001b[0m \u001b[0m=0 "]
["25.339796", "o", "\u001b[0m=0b\u001b[38;2;83;166;230m0000\u001b[0m0000\u001b[0m\u001b[0m\r\n"]
["25.339884", "o", "\u001b[38;2;150;203;89mLED-()>\u001b[0m \u0003\u0007"]
["26.340112", "m", "LED red (HEX)"]
["26.340550", "o", "["]
["26.639214", "o", "0"]
["26.996964", "o", "x"]
["27.162403", "o", "f"]
["27.365882", "o", "f"]
["27.726381", "o", "0"]
["28.002183", "o", "0"]
["28.116590", "o", "0"]
["28.387490", "o", "0"]
["28.719771", "o", "."]
["29.030957", "o", "2"]
["29.321487", "o", "4"]
["30.321777", "o", "\r\n"]
["30.329245", "o", "\r\nRESET\r\n\u001b[38;2;191;165;48mTX:\u001b[0m 0x\u001b[38;2;83;166;230mFF\u001b[0m00\u001b[38;2;83;166;230m00\u001b[0m.24 \r\n\u001b[38;2;150;203;89mLED-()>\u001b[0m \u0003\u0007"]
["31.330791", "m", "LED green (HEX)"]
["31.331462", "o", "["]
["31.713781", "o", "0"]
["31.856068", "o", "x"]
["32.158455", "o", "0"]
["32.276887", "o", "0"]
["32.413555", "o", "f"]
["32.710433", "o", "f"]
["32.957164", "o", "0"]
["33.192670", "o", "0"]
["33.378319", "o", "."]
["33.567790", "o", "2"]
["33.680798", "o", "4"]
["34.680991", "o", "\r\n"]
["34.688220", "o", "\r\nRESET\r\n\u001b[38;2;191;165;48mTX:\u001b[0m 0x\u001b[38;2;83;166;230m00\u001b[0mFF\u001b[38;2;83;166;230m00\u001b[0m.24 \r\n\u001b[38;2;150;203;89mLED-()>\u001b[0m \u0003\u0007"]
["35.688522", "m", "LED blue (HEX)"]
["35.689145", "o", "["]
