{"version": 2, "width": 80, "height": 24, "timestamp": 1746113278.4138117, "env": {"SHELL": "/bin/bash", "TERM": "xterm-256color"}}
["0.000000", "o", "\u001b7\u001b[999;999H\u001b[6n\u001b8"]
["0.000990", "o", "\u001b[?3l"]
["0.001148", "o", "\u001b]0;Bus Pirate 5 REV10\u001b\\\u001b[0m\u001b[2J\u001b["]
["0.001999", "o", "1;20r"]
["0.002943", "o", "\r\n\u001b[38;2;150;203;89mLED-()>\u001b[0m \u0003"]
["0.003836", "o", "\u001b7\u001b[?25l\u001b[21;0H\u001b[38;2;0;0;0;48;2;179;175;175m\u001b[80X\u001b[0m\u001b[22;0H\u001b[38;2;0;0;0;48;2;219;48;48m\u001b[8X1.Vout\t\u001b[38;2;0;0;0;48;2;219;117;48m\u001b[8X2.IO0\t\u001b[38;2;0;0;0;48;2;219;202;48m\u001b[8X3.IO1\t\u001b[38;2;0;0;0;48;2;48;219;54m\u001b[8X4.IO2\t\u001b[38;2;0;0;0;48;2;48;94;219m\u001b[8X5.IO3\t\u001b[38;2;0;0;0;48;2;142;48;219m\u001b[8X6.IO4\t\u001b[38;2;0;0;0;48;2;160;82;45m\u001b[8X7.IO5\t\u001b[38;2;0;0;0;48;2;179;175;175m\u001b[8X8.IO6\t\u001b[38;2;0;0;0;48;2;247;247;247m\u001b[8X9.IO7\t\u001b[38;2;255;255;255;48;2;0;0;0m\u001b[8X10.GND\t\u001b[0m\u001b[23;0H\u001b[8X\u001b[8XOFF\t\u001b[8X\u001b[8X-\t\u001b[8X\u001b[8X-\t\u001b[8X\u001b[8X-\t\u001b[8X\u001b[8X-\t\u001b[8X\u001b[8X-\t\u001b[8X\u001b[8X-\t\u001b[8X\u001b[8X-\t\u001b[8X\u001b[8X-\t\u001b[8X\u001b[8XGND\t\u001b[24;0H\u001b[8X\u001b[38;2;83;166;230m0.0\u001b[0mV\t\u001b[8X\u001b[38;2;83;166;230m0.0\u001b[0mV\t\u001b[8X\u001b[38;2;83;166;230m0.0\u001b[0mV\t\u001b[8X\u001b[38;2;83;166;230m0.0\u001b[0mV\t\u001b[8X\u001b[38;2;83;166;230m0.0\u001b[0mV\t\u001b[8X\u001b[38;2;83;166;230m0.0\u001b[0mV\t\u001b[8X\u001b[38;2;83;166;230m0.0\u001b[0mV\t\u001b[8X\u001b[38;2;83;166;230m0.0\u001b[0mV\t\u001b[8X\u001b[38;2;83;166;230m0.0\u001b[0mV\t\u001b[8XGND\u001b8\u001b[?25h"]
["0.184775", "o", "\u001b7\u001b[?25l\u001b[21;0H\u001b[38;2;0;0;0;48;2;179;175;175m\u001b[80X\u001b[0m\u001b[23;0H\u001b[8X\u001b[8XOFF\t\u001b[8X\u001b[8X-\t\u001b[8X\u001b[8X-\t\u001b[8X\u001b[8X-\t\u001b[8X\u001b[8X-\t\u001b[8X\u001b[8X-\t\u001b[8X\u001b[8X-\t\u001b[8X\u001b[8X-\t\u001b[8X\u001b[8X-\t\u001b[8X\u001b[8XGND\t\u001b[24;0H\u001b[8X\u001b[38;2;83;166;230m0.0\u001b[0mV\t\u001b[8X\u001b[38;2;83;166;230m0.0\u001b[0mV\t\u001b[8X\u001b[38;2;83;166;230m0.0\u001b[0mV\t\u001b[8X\u001b[38;2;83;166;230m0.0\u001b[0mV\t\u001b[8X\u001b[38;2;83;166;230m0.0\u001b[0mV\t\u001b[8X\u001b[38;2;83;166;230m0.0\u001b[0mV\t\u001b[8X\u001b[38;2;83;166;230m0.0\u001b[0mV\t\u001b[8X\u001b[38;2;83;166;230m0.0\u001b[0mV\t\u001b[8X\u001b[38;2;83;166;230m0.0\u001b[0mV\t\u001b[8XGND\u001b8\u001b[?25h"]
["0.998946", "m", "W - enable power supply"]
["0.999551", "o", "W"]
["1.204674", "o", " "]
["1.313993", "o", "5"]
["1.618742", "o", " "]
["1.748970", "o", "1"]
["2.127606", "o", "0"]
["2.386882", "o", "0"]
["3.387135", "o", "\r\n"]
["3.611795", "o", "\u001b[38;2;83;166;230m5.00\u001b[0mV\u001b[38;2;191;165;48m requested, closest"]
["3.615682", "o", " value: \u001b[38;2;83;166;230m5.00\u001b[0mV\r\n\u001b[38;2;83;166;230m100.0\u001b[0mmA\u001b[38;2;191;165;48m requested, closest value: \u001b[38;2;83;166;230m100.0\u001b[0mmA\r\n\r\n\u001b[38;2;191;165;48mPower supply:\u001b[0mEnabled\r\n\u001b[38;2;191;165;48mVreg output: \u001b[38;2;83;166;230m5.0\u001b[0mV\u001b[38;2;191;165;48m, Vref/Vout pin: \u001b[38;2;83;166;230m5.0\u001b[0mV\u001b[38;2;191;165;48m, Current: \u001b[38;2;83;166;230m3.0\u001b[0mmA\u001b[38;2;191;165;48m\r\n\u001b[0m\u001b[0m\r\n\u001b[38;2;150;203;89mLED-()>\u001b[0m \u0003\u0007"]
["3.664794", "o", "\u001b7\u001b[?25l\u001b[21;0H\u001b[38;2;0;0;0;48;2;179;175;175mVout: 5.0V/100.0mA "]
["3.668643", "o", "max | \u001b[55X\u001b[0m\u001b[23;0H\u001b[8X\u001b[8X\u001b[38;2;83;166;230m002.6\u001b[0mmA\t\u001b[8X\u001b[8X-\t\u001b[8X\u001b[8X-\t\u001b[8X\u001b[8X-\t\u001b[8X\u001b[8X-\t\u001b[8X\u001b[8X-\t\u001b[8X\u001b[8X-\t\u001b[8X\u001b[8X-\t\u001b[8X\u001b[8X-\t\u001b[8X\u001b[8XGND\t\u001b[24;0H\u001b[8X\u001b[38;2;83;166;230m5.0\u001b[0mV\t\u001b[8X\u001b[38;2;83;166;230m0.0\u001b[0mV\t\u001b[8X\u001b[38;2;83;166;230m0.0\u001b[0mV\t\u001b[8X\u001b[38;2;83;166;230m0.0\u001b[0mV\t\u001b[8X\u001b[38;2;83;166;230m0.0\u001b[0mV\t\u001b[8X\u001b[38;2;83;166;230m0.0\u001b[0mV\t\u001b[8X\u001b[38;2;83;166;230m0.0\u001b[0mV\t\u001b[8X\u001b[38;2;83;166;230m0.0\u001b[0mV\t\u001b[8X\u001b[38;2;83;166;230m0.0\u001b[0mV\t\u001b[8XGND\u001b8\u001b[?25h"]
["4.140429", "o", "\u001b7\u001b[?25l\u001b[23;0H\u001b[38;2;83;166;230m002.4\u001b[0mmA\u001b8\u001b[?25h"]
["4.616253", "m", "P - enable pull-up resistors"]
["4.616930", "o", "P"]
["5.140431", "o", "\u001b7\u001b[?25l\u001b[23;0H\u001b[38;2;83;166;230m002.1\u001b[0mmA\u001b8\u001b[?25h"]
["5.617139", "o", "\r\n"]
["5.626947", "o", "\u001b[38;2;191;165;48mPull-up resistors:\u001b[0m Enabled (10K ohms @ \u001b[3"]
["5.627944", "o", "8;2;83;166;230m5.0\u001b[0mV)\r\n\u001b[0m\r\n\u001b[38;2;150;203;89mLED-()>\u001b[0m \u0003\u0007"]
["5.651171", "o", "\u001b7\u001b[?25l\u001b[21;0H\u001b[38;2;0;0;0;48;2;179;175;175mVout: 5.0V/100.0mA "]
["5.651669", "o", "max | Pull-ups: ON | \u001b[40X\u001b[0m\u001b[24;0H\u001b[8X\u001b[38;2;83;166;230m5.0\u001b["]
["5.654078", "o", "0mV\t\u001b[8X\u001b[38;2;83;166;230m4.9\u001b[0mV\t\u001b[8X\u001b[38;2;83;166;230m4.9\u001b[0mV\t\u001b[8X\u001b[38;2;83;166;230m4.9\u001b[0mV\t\u001b[8X\u001b[38;2;83;166;230m4.9\u001b[0mV\t\u001b[8X\u001b[38;2;83;166;230m4.9\u001b[0mV\t\u001b[8X\u001b[38;2;83;166;230m4.9\u001b[0mV\t\u001b[8X\u001b[38;2;83;166;230m4.9\u001b[0mV\t\u001b[8X\u001b[38;2;83;166;230m4.9\u001b[0mV\t\u001b[8XGND\u001b8\u001b[?25h"]
["6.628438", "m", "a - auxiliary pin low"]
["6.629524", "o", "a"]
["6.895312", "o", " "]
["7.276291", "o", "0"]
["8.276147", "o", "\r\n"]
["8.277179", "o", "IO\u001b[38;2;83;166;230m0\u001b[38;2;191;165;48m set to\u001b[0m OUTPUT: \u001b[38;"]
["8.278019", "o", "2;83;166;230m0\u001b[0m\r\n\u001b[0m\r\n\u001b[38;2;150;203;89mLED-()>\u001b[0m \u0003\u0007"]
["8.643787", "o", "\u001b7\u001b[?25l\u001b[23;0H\t\u001b[8X\u001b[8XAUXL\t\t\t\t\t\t\t\t\t\u001b[24;0H\u001b[38;2;83;166;230m5."]
["8.645646", "o", "0\u001b[0mV\t\u001b[8X\u001b[38;2;83;166;230m0.2\u001b[0mV\t\u001b[38;2;83;166;230m4.9\u001b[0mV\t\u001b[38;2;83;166;230m4.9\u001b[0mV\t\u001b[38;2;83;166;230m4.9\u001b[0mV\t\u001b[38;2;83;166;230m4.9\u001b[0mV\t\u001b[38;2;83;166;230m4.9\u001b[0mV\t\u001b[38;2;83;166;230m4.9\u001b[0mV\t\u001b[38;2;83;166;230m4.9\u001b[0mV\t\t\u001b8\u001b[?25h"]
["9.279059", "o", "a"]
["9.571056", "o", " "]
["9.788085", "o", "1"]
["9.900095", "o", ";"]
["10.071119", "o", " "]
["10.139961", "o", "\u001b7\u001b[?25l\u001b[24;0H\u001b[38;2;83;166;230m5.0\u001b[0mV\t\u001b[38;2;83;166;230m0.1\u001b"]
["10.141823", "o", "[0mV\t\u001b[38;2;83;166;230m4.9\u001b[0mV\t\u001b[38;2;83;166;230m4.9\u001b[0mV\t\u001b[38;2;83;166;230m4.9\u001b[0mV\t\u001b[38;2;83;166;230m4.9\u001b[0mV\t\u001b[38;2;83;166;230m4.9\u001b[0mV\t\u001b[38;2;83;166;230m4.9\u001b[0mV\t\u001b[38;2;83;166;230m4.9\u001b[0mV\t\t\u001b8\u001b[?25h"]
["10.349721", "o", "a"]
["10.525708", "o", " "]
["10.639977", "o", "\u001b7\u001b[?25l\u001b[24;0H\u001b[38;2;83;166;230m5.0\u001b[0mV\t\u001b[38;2;83;166;230m0.2\u001b"]
["10.641797", "o", "[0mV\t\u001b[38;2;83;166;230m4.9\u001b[0mV\t\u001b[38;2;83;166;230m4.9\u001b[0mV\t\u001b[38;2;83;166;230m4.9\u001b[0mV\t\u001b[38;2;83;166;230m4.9\u001b[0mV\t\u001b[38;2;83;166;230m4.9\u001b[0mV\t\u001b[38;2;83;166;230m4.9\u001b[0mV\t\u001b[38;2;83;166;230m4.9\u001b[0mV\t\t\u001b8\u001b[?25h"]
["10.682539", "o", "2"]
["10.951550", "o", ";"]
["11.095227", "o", " "]
["11.313785", "o", "a"]
["11.488174", "o", " "]
["11.837178", "o", "3"]
["11.961469", "o", ";"]
["12.140239", "o", "\u001b7\u001b[?25l\u001b[24;0H\u001b[38;2;83;166;230m5.0\u001b[0mV\t\u001b[38;2;83;166;230m0.1\u001b"]
