{"version": 2, "width": 80, "height": 24, "timestamp": 1746113728.0896454, "env": {"SHELL": "/bin/bash", "TERM": "xterm-256color"}}
["0.000000", "o", "\u001b7\u001b[999;"]
["0.000499", "o", "999H\u001b[6n\u001b8"]
["0.001729", "o", "\u001b[?3"]
["0.001953", "o", "l\u001b]0;Bus Pirate 5 RE"]
["0.002527", "o", "V10\u001b\\\u001b[0m\u001b[2J\u001b[1;20r"]
["0.002849", "o", "\r\n\u001b[38;2;150;203;89"]
["0.003013", "o", "mI2C>\u001b[0m \u0003"]
["0.004363", "o", "\u001b7\u001b[?25l\u001b[21;0H\u001b[38;2;0;0;0;48;2;179;175;175m\u001b[80X\u001b[0m\u001b[22;0H\u001b[38;2;0;0;0;48;2;219;48;48m\u001b[8X1.Vout\t\u001b[38;2;0;0;0;48;2;219;117;48m\u001b[8X2.IO0\t\u001b[38;2;0;0;0;48;2;219;202;48m\u001b[8X3.IO1\t\u001b[38;2;0;0;0;48;2;48;219;54m\u001b[8X4.IO2\t\u001b[38;2;0;0;0;48;2;48;94;219m\u001b[8X5.IO3\t\u001b[38;2;0;0;0;48;2;142;48;219m\u001b[8X6.IO4\t\u001b[38;2;0;0;0;48;2;160;82;45m\u001b[8X7.IO5\t\u001b[38;2;0;0;0;48;2;179;175;175m\u001b[8X8.IO6\t\u001b[38;2;0;0;0;48;2;247;247;247m\u001b[8X9.IO7\t\u001b[38;2;255;255;255;48;2;0;0;0m\u001b[8X10.GND\t\u001b[0m\u001b[23;0H\u001b[8X\u001b[8XOFF\t\u001b[8X\u001b[8XSDA\t\u001b[8X\u001b[8XSCL\t\u001b[8X\u001b[8X-\t\u001b[8X\u001b[8X-\t\u001b[8X\u001b[8X-\t\u001b[8X\u001b[8X-\t\u001b[8X\u001b[8X-\t\u001b[8X\u001b[8X-\t\u001b[8X\u001b[8XGND\t\u001b[24;0H\u001b[8X\u001b[38;2;83;166;230m0.0\u001b[0mV\t\u001b[8X\u001b[38;2;83;166;230m0.0\u001b[0mV\t\u001b[8X\u001b[38;2;83;166;230m0.0\u001b[0mV\t\u001b[8X\u001b[38;2;83;166;230m0.0\u001b[0mV\t\u001b[8X\u001b[38;2;83;166;230m0.0\u001b[0mV\t\u001b[8X\u001b[38;2;83;166;230m0.0\u001b[0mV\t\u001b[8X\u001b[38;2;83;166;230m0.0\u001b[0mV\t\u001b[8X\u001b[38;2;83;166;230m0.0\u001b[0mV\t\u001b[8X\u001b[38;2;83;166;230m0.0\u001b[0mV\t\u001b[8XGND\u001b8\u001b[?25h"]
["0.243748", "o", "\u001b7\u001b[?25l\u001b[21;0H\u001b[38;2;0;0;0;48;2;179;175;175m\u001b[80X\u001b[0m\u001b[23;0H\u001b[8X\u001b[8XOFF\t\u001b[8X\u001b[8XSDA\t\u001b[8X\u001b[8XSCL\t\u001b[8X\u001b[8X-\t\u001b[8X\u001b[8X-\t\u001b[8X\u001b[8X-\t\u001b[8X\u001b[8X-\t\u001b[8X\u001b[8X-\t\u001b[8X\u001b[8X-\t\u001b[8X\u001b[8XGND\t\u001b[24;0H\u001b[8X\u001b[38;2;83;166;230m0.0\u001b[0mV\t\u001b[8X\u001b[38;2;83;166;230m0.0\u001b[0mV\t\u001b[8X\u001b[38;2;83;166;230m0.0\u001b[0mV\t\u001b[8X\u001b[38;2;83;166;230m0.0\u001b[0mV\t\u001b[8X\u001b[38;2;83;166;230m0.0\u001b[0mV\t\u001b[8X\u001b[38;2;83;166;230m0.0\u001b[0mV\t\u001b[8X\u001b[38;2;83;166;230m0.0\u001b[0mV\t\u001b[8X\u001b[38;2;83;166;230m0.0\u001b[0mV\t\u001b[8X\u001b[38;2;83;166;230m0.0\u001b[0mV\t\u001b[8XGND\u001b8\u001b[?25h"]
["0.999369", "m", "m - change to HiZ mode"]
["0.999853", "o", "m"]
["2.000046", "o", "\r\n"]
["2.000324", "o", "\r\n\u001b[38;2;191;165;48mMode selection\u001b[0m\r\n 1. \u001b[38;2;191;165;48mHiZ\u001b[0m\r\n 2. \u001b[38;2;191;165;48m1WIRE\u001b[0m\r\n 3. "]
["2.000539", "o", "\u001b[38;2;191;165;48mUART\u001b[0m\r\n 4. \u001b"]
["2.000786", "o", "[38;2;191;165;48mHDUART\u001b[0m\r\n 5. \u001b[38;2;191;165;48mI2C\u001b[0m\r\n 6. \u001b[38;2;1"]
["2.001123", "o", "91;165;48mSPI\u001b[0m\r\n 7. \u001b[38;2;191;165;48m2WIRE\u001b[0m\r\n 8. \u001b[38;2;191;165;48m3WIRE\u001b[0m\r\n 9. \u001b[38;2;191;165;48mDIO\u001b[0m\r\n 10. \u001b[38;2;191;165;48mLED\u001b[0m\r\n 11. \u001b[38;2;191;165;48mINFRARED\u001b[0m\r\n 12. \u001b[38;2;191;165;48mJTAG\u001b[0m\r\n x. \u001b[38;2;191;165;48mExit\u001b[0m\r\n\u001b[38;2;150;203;89mMode >\u001b[0m \u0003\u0007"]
["3.002001", "o", "1"]
["4.002135", "o", "\r\n"]
["4.002298", "o", "\u001b[38;2;191;165;48mMode:\u001b[0m HiZ"]
["4.009538", "o", "\u001b[0m\r\n"]
["4.009743", "o", "\u001b[38;2;150;203;89mHiZ>\u001b[0m \u0003\u0007"]
["4.226874", "o", "\u001b7\u001b[?25l\u001b[21;0H\u001b[38;2;0;0;0;48;2;179;175;175m\u001b[80X\u001b[0m\u001b[23;0H\u001b[8X\u001b[8XOFF\t\u001b[8X\u001b[8X-\t\u001b[8X\u001b[8X-\t\u001b[8X\u001b[8X-\t\u001b[8X\u001b[8X-\t\u001b[8X\u001b[8X-\t\u001b[8X\u001b[8X-\t\u001b[8X\u001b[8X-\t\u001b[8X\u001b[8X-\t\u001b[8X\u001b[8XGND\t\u001b8\u001b[?25h"]
["5.010061", "m", "~ - start self-test"]
["5.010517", "o", "~"]
["6.010795", "o", "\r\n"]
["6.010988", "o", "SELF TEST STARTING\r\nDISABLE IRQ: "]
["6.510873", "o", "OK"]
["6.511296", "o", "\r\n"]
["6.519150", "o", "ADC SUB"]
["6.519247", "o", "SYSTEM: VUSB  "]
["6.519503", "o", "5.10V OK\r\nFLASH STORAGE: "]
["7.017748", "o", "OK\r\nPS"]
["7.017970", "o", "U ENABLE: "]
["7.032046", "o", "OK\r\nV"]
["7.032104", "o", "REG==VOUT: "]
["7.040096", "o", " "]
["7.040418", "o", "3319 = 3322 OK\r\nBIO FLOAT TEST (SHOULD BE 0/<0.30V)\r\n"]
["7.048439", "o", "BIO"]
["7.048501", "o", "0 FLOAT: 0/0.0"]
["7.048750", "o", "7V OK\r\n"]
["7.056687", "o", "BIO"]
["7.056763", "o", "1 FLOAT: 0/"]
["7.057048", "o", "0.06V OK\r\n"]
["7.064980", "o", "BIO"]
["7.065048", "o", "2 FLOAT: 0/"]
["7.065303", "o", "0.05V OK\r\n"]
["7.073244", "o", "BIO"]
["7.073410", "o", "3 FLOAT: 0/0"]
["7.073710", "o", ".06V OK\r\n"]
["7.081528", "o", "BIO"]
["7.081589", "o", "4 FLOAT: 0/"]
["7.081802", "o", "0.07V OK\r\n"]
["7.089839", "o", "BIO"]
["7.089924", "o", "5 FLOAT: 0/"]
["7.090222", "o", "0.03V OK\r\n"]
["7.098059", "o", "BIO"]
["7.098116", "o", "6 FLOAT: 0/"]
["7.098692", "o", "0.06V OK\r\n"]
["7.106481", "o", "BIO"]
["7.106569", "o", "7 FLOAT: 0/"]
["7.106767", "o", "0.07V OK\r\nBIO HIGH TEST (SHOULD BE >3.00V)\r\n"]
["7.115693", "o", "BIO"]
["7.115858", "o", "0 HIGH: 3.2"]
["7.116005", "o", "9V OK\r\n"]
["7.125020", "o", "BIO"]
["7.125124", "o", "1 HIGH: 3"]
["7.125236", "o", ".31V OK\r\n"]
["7.134459", "o", "BIO"]
["7.134603", "o", "2 HIGH: "]
["7.134765", "o", "3.30V OK\r\n"]
["7.143658", "o", "BI"]
["7.143741", "o", "O3 HIGH: 3.29V O"]
["7.143868", "o", "K\r\n"]
["7.152937", "o", "BIO"]
["7.153002", "o", "4 HIGH: "]
["7.153144", "o", "3.30V OK\r\n"]
["7.162208", "o", "BIO"]
["7.162355", "o", "5 HIGH: "]
["7.162508", "o", "3.30V OK\r\n"]
["7.171544", "o", "BIO"]
["7.171886", "o", "6 HIGH: 3.29V OK\r\n"]
["7.180804", "o", "BIO"]
["7.180861", "o", "7 HIGH: 3."]
["7.181094", "o", "32V OK\r\nBIO LOW TEST (SHOULD BE <0."]
["7.181244", "o", "30V)\r\n"]
["7.190212", "o", "BI"]
["7.190356", "o", "O0 LOW: "]
["7.190525", "o", "0.03V OK\r\n"]
["7.199479", "o", "BI"]
["7.199589", "o", "O1 LOW: 0.04"]
["7.199717", "o", "V OK\r\n"]
["7.208736", "o", "BIO"]
["7.208809", "o", "2 LOW: "]
["7.208946", "o", "0.03V OK\r\n"]
["7.217960", "o", "BIO"]
["7.218263", "o", "3 LOW: 0.04V OK\r\n"]
["7.227140", "o", "BI"]
["7.227210", "o", "O4 LOW: 0.03"]
["7.227338", "o", "V OK\r\n"]
["7.236417", "o", "BI"]
["7.236479", "o", "O5 LOW: "]
["7.236642", "o", "0.03V OK\r\n"]
["7.245762", "o", "BIO"]
["7.245936", "o", "6 LOW: 0.03V OK\r\n"]
["7.255085", "o", "BIO"]
["7.255247", "o", "7 LOW: 0.04V OK\r\n"]
["7.255416", "o", "BIO PULL-UP HIGH TEST (SHOULD BE 1/>3.00V)\r\n"]
["7.268738", "o", "BIO"]
["7.268875", "o", "0 PU-HIGH: 1/"]
["7.269065", "o", "3.27V OK\r\n"]
["7.282168", "o", "BIO"]
["7.282326", "o", "1 PU-HIGH: 1/"]
["7.282693", "o", "3.25V OK\r\n"]
["7.295409", "o", "BI"]
["7.295480", "o", "O2 PU-HIGH: 1/"]
["7.295623", "o", "3.25V OK\r\n"]
["7.308739", "o", "BIO"]
["7.308804", "o", "3 PU-HIGH: 1/"]
["7.308948", "o", "3.26V OK\r\n"]
["7.322215", "o", "BIO"]
["7.322294", "o", "4 PU-HIGH: 1/"]
["7.322540", "o", "3.24V OK\r\n"]
["7.335397", "o", "BI"]
["7.336090", "o", "O5 PU-HIGH: 1/3.26V OK\r\n"]
["7.348725", "o", "BIO"]
["7.348810", "o", "6 PU-HIGH: 1/"]
["7.348995", "o", "3.28V OK\r\n"]
["7.362007", "o", "BIO"]
["7.362101", "o", "7 PU-HIGH: 1/"]
["7.362390", "o", "3.30V OK\r\n"]
["7.362640", "o", "BIO PULL-UP LOW TEST (SHOULD BE <0.30V)\r\n"]
["7.375808", "o", "BI"]
["7.375998", "o", "O0 PU-LOW: 0.14V OK\r\n"]
["7.389107", "o", "BIO"]
["7.389203", "o", "1 PU-LOW: "]
["7.389471", "o", "0.14V OK\r\n"]
["7.402501", "o", "BI"]
["7.402683", "o", "O2 PU-LOW: 0.14V OK\r\n"]
["7.415703", "o", "BIO"]
["7.415904", "o", "3 PU-LOW: 0.14V"]
["7.416065", "o", " OK\r\n"]
["7.428986", "o", "BIO"]
["7.429046", "o", "4 PU-LOW: 0.1"]
["7.429230", "o", "4V OK\r\n"]
["7.442276", "o", "BI"]
