{"version": 2, "width": 80, "height": 24, "timestamp": 1746113306.001628, "env": {"SHELL": "/bin/bash", "TERM": "xterm-256color"}}
["0.000000", "o", "\u001b7\u001b[999;999H\u001b[6n\u001b8"]
["0.001011", "o", "\u001b[?"]
["0.001122", "o", "3l\u001b]0;Bus Pirate 5 REV10\u001b\\\u001b[0m\u001b[2J\u001b["]
["0.002022", "o", "1;20r"]
["0.002250", "o", "\r\n\u001b"]
["0.002417", "o", "[38;2;150;203;89mHiZ>\u001b[0m \u0003"]
["0.003719", "o", "\u001b7\u001b[?25l\u001b[21;0H\u001b[38;2;0;0;0;48;2;179;175;175m\u001b[80X\u001b[0m\u001b[22;0H\u001b[38;2;0;0;0;48;2;219;48;48m\u001b[8X1.Vout\t\u001b[38;2;0;0;0;48;2;219;117;48m\u001b[8X2.IO0\t\u001b[38;2;0;0;0;48;2;219;202;48m\u001b[8X3.IO1\t\u001b[38;2;0;0;0;48;2;48;219;54m\u001b[8X4.IO2\t\u001b[38;2;0;0;0;48;2;48;94;219m\u001b[8X5.IO3\t\u001b[38;2;0;0;0;48;2;142;48;219m\u001b[8X6.IO4\t\u001b[38;2;0;0;0;48;2;160;82;45m\u001b[8X7.IO5\t\u001b[38;2;0;0;0;48;2;179;175;175m\u001b[8X8.IO6\t\u001b[38;2;0;0;0;48;2;247;247;247m\u001b[8X9.IO7\t\u001b[38;2;255;255;255;48;2;0;0;0m\u001b[8X10.GND\t\u001b[0m\u001b[23;0H\u001b[8X\u001b[8XOFF\t\u001b[8X\u001b[8X-\t\u001b[8X\u001b[8X-\t\u001b[8X\u001b[8X-\t\u001b[8X\u001b[8X-\t\u001b[8X\u001b[8X-\t\u001b[8X\u001b[8X-\t\u001b[8X\u001b[8X-\t\u001b[8X\u001b[8X-\t\u001b[8X\u001b[8XGND\t\u001b[24;0H\u001b[8X\u001b[38;2;83;166;230m0.0\u001b[0mV\t\u001b[8X\u001b[38;2;83;166;230m0.0\u001b[0mV\t\u001b[8X\u001b[38;2;83;166;230m0.0\u001b[0mV\t\u001b[8X\u001b[38;2;83;166;230m0.0\u001b[0mV\t\u001b[8X\u001b[38;2;83;166;230m0.0\u001b[0mV\t\u001b[8X\u001b[38;2;83;166;230m0.0\u001b[0mV\t\u001b[8X\u001b[38;2;83;166;230m0.0\u001b[0mV\t\u001b[8X\u001b[38;2;83;166;230m0.0\u001b[0mV\t\u001b[8X\u001b[38;2;83;166;230m0.0\u001b[0mV\t\u001b[8XGND\u001b8\u001b[?25h"]
["0.096100", "o", "\u001b7\u001b[?25l\u001b[21;0H\u001b[38;2;0;0;0;48;2;179;175;175m\u001b[80X\u001b[0m\u001b[23;0H\u001b[8X\u001b[8XOFF\t\u001b[8X\u001b[8X-\t\u001b[8X\u001b[8X-\t\u001b[8X\u001b[8X-\t\u001b[8X\u001b[8X-\t\u001b[8X\u001b[8X-\t\u001b[8X\u001b[8X-\t\u001b[8X\u001b[8X-\t\u001b[8X\u001b[8X-\t\u001b[8X\u001b[8XGND\t\u001b[24;0H\u001b[8X\u001b[38;2;83;166;230m0.0\u001b[0mV\t\u001b[8X\u001b[38;2;83;166;230m0.0\u001b[0mV\t\u001b[8X\u001b[38;2;83;166;230m0.0\u001b[0mV\t\u001b[8X\u001b[38;2;83;166;230m0.0\u001b[0mV\t\u001b[8X\u001b[38;2;83;166;230m0.0\u001b[0mV\t\u001b[8X\u001b[38;2;83;166;230m0.0\u001b[0mV\t\u001b[8X\u001b[38;2;83;166;230m0.0\u001b[0mV\t\u001b[8X\u001b[38;2;83;166;230m0.0\u001b[0mV\t\u001b[8X\u001b[38;2;83;166;230m0.0\u001b[0mV\t\u001b[8XGND\u001b8\u001b[?25h"]
["0.999249", "m", "c - configuration menu"]
["0.999940", "o", "c"]
["2.000021", "o", "\r\n"]
["2.000399", "o", "\r\n\u001b[38;2;191;165;48mConfiguration options\u001b["]
["2.000677", "o", "0m\r\n 1. \u001b[38;2;191;165;48mLanguage / Jezik / Lingua / \u8bed\u8a00\u001b[0m\r\n 2. \u001b[38;2;"]
["2.001124", "o", "191;165;48mANSI color mode\u001b[0m\r\n 3. \u001b[38;2;191;165;48mANSI toolbar mode\u001b[0m\r\n 4. \u001b[38;2;191;165;48mLCD screensaver\u001b[0m\r\n 5. \u001b[38;2;191;165;48mLED effect\u001b[0m\r\n 6. \u001b[38;2;191;165;48mLED color\u001b[0m\r\n 7. \u001b[38;2;191;165;48mLED brightness\u001b[0m\r\n x. \u001b[38;2;191;165;48mExit\u001b[0m\r\n\u001b[38;2;150;203;89m >\u001b[0m \u0003\u0007"]
["3.001314", "m", "Change LED effect"]
["3.002124", "o", "5"]
["4.002548", "o", "\r\n\r"]
["4.003115", "o", "\n\u001b[38;2;191;165;48mLED effect\u001b[0m\r\n 1. \u001b[38;2;191;165;48mDisable\u001b[0m\r\n 2. \u001b[38;2;191;165;48mSolid\u001b[0m\r\n 3. \u001b[38;2;191;165;48mAngle wipe\u001b[0m\r\n 4. \u001b[38;2;191;165;48mCenter wipe\u001b[0m\r\n 5. \u001b[38;2;191;165;48mClockwise wipe\u001b[0m\r\n 6. \u001b[38;2;191;165;48m"]
["4.003668", "o", "Top side wipe\u001b[0m\r\n 7. \u001b[38;2;191;165;48mScanner\u001b[0m\r\n 8. \u001b[38;2;191;165;48mGentle glow\u001b[0m\r\n 9. \u001b[38;2;191;165;48mParty mode\u001b[0m\r\n x. \u001b[38;2;191;165;48mExit\u001b[0m\r\n\u001b[38;2;150;203;89m >\u001b[0m \u0003\u0007"]
["5.004099", "m", "Set LED to party mode"]
["5.004594", "o", "9"]
["6.005020", "o", "\r\n"]
["6.005311", "o", "LED effect \u001b[38;2;191;165;48mset to\u001b[0m Party mode\r\n\r\n\u001b[38;2;191;165;"]
["6.005995", "o", "48mConfiguration options\u001b[0m\r\n 1. \u001b[38;2;191;165;48mLanguage / Jezik / Lingua / \u8bed\u8a00\u001b[0m\r\n 2. \u001b[38;2;191;165;48mANSI color mode\u001b[0m\r\n 3. \u001b[38;2;191;165;48mANSI toolbar mode\u001b[0m\r\n 4. \u001b[38;2;191;165;48mLCD screensaver\u001b[0m\r\n 5. \u001b[38;2;191;165;48mLED effect\u001b[0m\r\n 6. \u001b[38;2;191;165;48mLED color\u001b[0m\r\n 7. \u001b[38;2;191;165;48mLED brightness\u001b[0m\r\n x. \u001b[38;2;191;165;48mExit\u001b[0m\r\n\u001b[38;2;150;203;89m >\u001b[0m \u0003\u0007"]
["7.006284", "m", "x - exit menu and save settings"]
["7.006768", "o", "x"]
["8.268160", "o", "\r\n\r"]
["8.268947", "o", "\n\u001b[38;2;191;165;48mConfiguration file:\u001b[0m Saved\r\n\u001b[0m\r\n\u001b[38;2;150;203;89mHiZ>\u001b[0m \u0003\u0007"]
["9.269351", "m", "ls - view config files"]
["9.269819", "o", "l"]
["9.397586", "o", "s"]
["10.398021", "o", "\r\n"]
["10.398187", "o", "\u001b[38;2;150;203;89m   <DIR>   \u001b[38;2;191;165;4"]
["10.398348", "o", "8msystem~1\u001b[0m\r\n\u001b[38;2"]
["10.398566", "o", ";150;203;89m        15 \u001b[38;2;191;165;48mbpled.bp\u001b[0m\r\n\u001b[38;2;150;203;89m"]
["10.398817", "o", "       382 \u001b[38;2;191;165;48mbpconfig.bp\u001b[0m\r\n"]
["10.399175", "o", "\u001b[38;2;191;165;48m1 dirs, 2 files\u001b[0m\r\n\u001b[0m\r\n\u001b[38;2;150;203;89mHiZ>\u001b[0m \u0003\u0007"]
["11.399871", "m", "cat - print file contents"]
["11.400317", "o", "c"]
["11.739964", "o", "a"]
["11.907688", "o", "t"]
["12.026306", "o", " "]
["12.345098", "o", "b"]
["12.518477", "o", "p"]
["12.729249", "o", "c"]
["12.982792", "o", "o"]
["13.200222", "o", "n"]
["13.361610", "o", "f"]
["13.733436", "o", "i"]
["14.081091", "o", "g"]
["14.430205", "o", "."]
["14.623371", "o", "b"]
["14.776576", "o", "p"]
["15.776655", "o", "\r\n"]
["15.780070", "o", "{\n\r"]
["15.780296", "o", "\"termina"]
["15.780440", "o", "l_language\": 0,\n\r"]
["15.780515", "o", "\"termin"]
["15.780627", "o", "al_ansi_color\": 1,\n\r"]
["15.780720", "o", "\"termin"]
["15.780828", "o", "al_ansi_statusbar\": 1,\n\r"]
["15.780933", "o", "\"dis"]
["15.781125", "o", "play_format\": 0,\n\r"]
["15.781184", "o", "\"l"]
["15.781262", "o", "cd_screensaver_active\": 0,\n\r"]
["15.781323", "o", "\"lcd_tim"]
["15.781384", "o", "eout\": 0,\n\r"]
["15.781481", "o", "\"led_eff"]
["15.781770", "o", "ect\": 8,\n\r"]
["15.781851", "o", "\"l"]
["15.781919", "o", "ed_color\": \"0xFF0000\",\n\r\"le"]
["15.782016", "o", "d_brightness_divisor\": 10,\n\r"]
["15.782149", "o", "\"term"]
["15.782235", "o", "inal_usb_enable\": 1,\n\r"]
["15.782381", "o", "\"termin"]
["15.782475", "o", "al_uart_enable\": 0,\n\r"]
["15.782724", "o", "\"term"]
["15.782835", "o", "inal_uart_number\": 1,\n\r"]
["15.783305", "o", "\"debug_uart_enable\": 0,\n\r"]
["15.783458", "o", "\"debug_uart_number\": 0,\n\r\"disable_usb_serial_number\": 1\n\r"]
["15.783569", "o", "}\r\r\n\u001b[0m\r\n"]
["15.783751", "o", "\u001b[38;2;150;203;89mHiZ>\u001b[0m \u0003\u0007"]
[18.783929, "o", ""]
