{"version": 2, "width": 80, "height": 24, "timestamp": 1747409610.8846328, "env": {"SHELL": "/bin/bash", "TERM": "xterm-256color"}}
["0.000000", "o", "\u001b7\u001b[999"]
["0.000155", "o", ";999H\u001b[6n\u001b8"]
["0.001258", "o", "\u001b[?3"]
["0.002672", "o", "l\u001b]0;Bus Pirate 5 REV10\u001b\\"]
["0.002982", "o", "\u001b[0m\u001b[2J\u001b[1;20r\r\n\u001b[38;2;150;203;89mHiZ>\u001b[0m \u0003"]
["0.007625", "o", "\u001b7\u001b[?25l\u001b[21;0H\u001b[38;2;0;0;0;48;2;179;175;175m\u001b[80X\u001b[0m\u001b[22;0H\u001b[38;2;0;0;0;48;2;219;48;48m\u001b[8X1.Vout\t\u001b[38;2;0;0;0;48;2;219;117;48m\u001b[8X2.IO0\t\u001b[38;2;0;0;0;48;2;219;202;48m\u001b[8X3.IO1\t\u001b[38;2;0;0;0;48;2;48;219;54m\u001b[8X4.IO2\t\u001b[38;2;0;0;0;48;2;48;94;219m\u001b[8X5.IO3\t\u001b[38;2;0;0;0;48;2;142;48;219m\u001b[8X6.IO4\t\u001b[38;2;0;0;0;48;2;160;82;45m\u001b[8X7.IO5\t\u001b[38;2;0;0;0;48;2;179;175;175m\u001b[8X8.IO6\t\u001b[38;2;0;0;0;48;2;247;247;247m\u001b[8X9.IO7\t\u001b[38;2;255;255;255;48;2;0;0;0m\u001b[8X10.GND\t\u001b[0m\u001b[23;0H\u001b[8X\u001b[8XOFF\t\u001b[8X\u001b[8X-\t\u001b[8X\u001b[8X-\t\u001b[8X\u001b[8X-\t\u001b[8X\u001b[8X-\t\u001b[8X\u001b[8X-\t\u001b[8X\u001b[8X-\t\u001b[8X\u001b[8X-\t\u001b[8X\u001b[8X-\t\u001b[8X\u001b[8XGND\t\u001b[24;0H\u001b[8X\u001b[38;2;83;166;230m0.0\u001b[0mV\t\u001b[8X\u001b[38;2;83;166;230m0.0\u001b[0mV\t\u001b[8X\u001b[38;2;83;166;230m0.0\u001b[0mV\t\u001b[8X\u001b[38;2;83;166;230m0.0\u001b[0mV\t\u001b[8X\u001b[38;2;83;166;230m0.0\u001b[0mV\t\u001b[8X\u001b[38;2;83;166;230m0.0\u001b[0mV\t\u001b[8X\u001b[38;2;83;166;230m0.0\u001b[0mV\t\u001b[8X\u001b[38;2;83;166;230m0.0\u001b[0mV\t\u001b[8X\u001b[38;2;83;166;230m0.0\u001b[0mV\t\u001b[8XGND\u001b8\u001b[?25h"]
["0.351514", "o", "\u001b7\u001b[?25l\u001b[21;0H\u001b[38;2;0;0;0;48;2;179;175;175m\u001b[80X\u001b[0m\u001b[23;0H\u001b[8X\u001b[8XOFF\t\u001b[8X\u001b[8X-\t\u001b[8X\u001b[8X-\t\u001b[8X\u001b[8X-\t\u001b[8X\u001b[8X-\t\u001b[8X\u001b[8X-\t\u001b[8X\u001b[8X-\t\u001b[8X\u001b[8X-\t\u001b[8X\u001b[8X-\t\u001b[8X\u001b[8XGND\t\u001b[24;0H\u001b[8X\u001b[38;2;83;166;230m0.0\u001b[0mV\t\u001b[8X\u001b[38;2;83;166;230m0.0\u001b[0mV\t\u001b[8X\u001b[38;2;83;166;230m0.0\u001b[0mV\t\u001b[8X\u001b[38;2;83;166;230m0.0\u001b[0mV\t\u001b[8X\u001b[38;2;83;166;230m0.0\u001b[0mV\t\u001b[8X\u001b[38;2;83;166;230m0.0\u001b[0mV\t\u001b[8X\u001b[38;2;83;166;230m0.0\u001b[0mV\t\u001b[8X\u001b[38;2;83;166;230m0.0\u001b[0mV\t\u001b[8X\u001b[38;2;83;166;230m0.0\u001b[0mV\t\u001b[8XGND\u001b8\u001b[?25h"]
["0.997874", "m", "m led - enter LED mode"]
["0.998447", "o", "m"]
["1.351655", "o", " "]
["1.570681", "o", "l"]
["1.809813", "o", "e"]
["2.180295", "o", "d"]
["3.180633", "o", "\r\n"]
["3.180896", "o", "\r\n\u001b[38;2;191;165;48mMode:\u001b[0m LED"]
["3.183778", "o", "\r\n"]
["3.183941", "o", "\u001b[38;2;191;165;48mLED type\u001b[0m\r\n "]
["3.184128", "o", "1. \u001b[38;2;191;165;48mWS2812/SK6812/'NeoPixel' "]
["3.184253", "o", "(single wire interface)*\u001b[0m\r\n 2. \u001b[38;2;"]
["3.184341", "o", "191;165;48mAPA102/SK9822 (clock and data interface)\u001b[0m\r\n 3. \u001b["]
["3.184454", "o", "38;2;191;165;48mOnboard LEDs (18 SK6812s)\u001b[0m\r\n x. \u001b[3"]
["3.184596", "o", "8;2;191;165;48mExit\u001b[0m\r\n\u001b[38;2;150;203;89mTyp"]
["3.184681", "o", "e (\u001b[0m1\u001b[38;2;150;203;89m) >\u001b[0m \u0003\u0007"]
["4.184811", "m", "choose WS2812"]
["4.185200", "o", "1"]
["6.074202", "o", "\u001b[0m\r\n\u001b[38;2;1"]
["6.074305", "o", "50;203;89mLED-(WS2812)>\u001b[0"]
["6.074375", "o", "m \u0003\u0007"]
["6.328217", "o", "\u001b7\u001b[?25l\u001b[21;0H\u001b[38;2;0;0;0;48;2;179;175;175m\u001b[80X\u001b[0m\u001b[23;0H\u001b[8X\u001b[8XOFF\t\u001b[8X\u001b[8XSDO\t\u001b[8X\u001b[8X-\t\u001b[8X\u001b[8X-\t\u001b[8X\u001b[8X-\t\u001b[8X\u001b[8X-\t\u001b[8X\u001b[8X-\t\u001b[8X\u001b[8X-\t\u001b[8X\u001b[8X-\t\u001b[8X\u001b[8XGND\t\u001b8\u001b[?25h"]
["7.074753", "m", "W 5 - enable 5 volt power supply"]
["7.075429", "o", "W"]
["7.196356", "o", " "]
["7.483544", "o", "5"]
["8.483257", "o", "\r\n"]
["8.707961", "o", "\u001b[38;2;83;166;230m5.00\u001b[0mV\u001b[38;2;191;165;48m requested, closest"]
["8.711938", "o", " value: \u001b[38;2;83;166;230m5.00\u001b[0mV\r\n\u001b[38;2;83;166;230m300.0\u001b[0mmA\u001b[38;2;191;165;48m requested, closest value: \u001b[38;2;83;166;230m300.0\u001b[0mmA\r\n\r\n\u001b[38;2;191;165;48mPower supply:\u001b[0mEnabled\r\n\u001b[38;2;191;165;48mVreg output: \u001b[38;2;83;166;230m5.0\u001b[0mV\u001b[38;2;191;165;48m, Vref/Vout pin: \u001b[38;2;83;166;230m5.0\u001b[0mV\u001b[38;2;191;165;48m, Current: \u001b[38;2;83;166;230m2.9\u001b[0mmA\u001b[38;2;191;165;48m\r\n\u001b[0m\u001b[0m\r\n\u001b[38;2;150;203;89mLED-(WS2812)>\u001b[0m \u0003\u0007"]
["8.824901", "o", "\u001b7\u001b[?25l\u001b[21;0H\u001b[38;2;0;0;0;48;2;179;175;175mVout: 5.0V/300.0mA "]
["8.828788", "o", "max | \u001b[55X\u001b[0m\u001b[23;0H\u001b[8X\u001b[8X\u001b[38;2;83;166;230m002.6\u001b[0mmA\t\u001b[8X\u001b[8XSDO\t\u001b[8X\u001b[8X-\t\u001b[8X\u001b[8X-\t\u001b[8X\u001b[8X-\t\u001b[8X\u001b[8X-\t\u001b[8X\u001b[8X-\t\u001b[8X\u001b[8X-\t\u001b[8X\u001b[8X-\t\u001b[8X\u001b[8XGND\t\u001b[24;0H\u001b[8X\u001b[38;2;83;166;230m5.0\u001b[0mV\t\u001b[8X\u001b[38;2;83;166;230m0.0\u001b[0mV\t\u001b[8X\u001b[38;2;83;166;230m0.0\u001b[0mV\t\u001b[8X\u001b[38;2;83;166;230m0.0\u001b[0mV\t\u001b[8X\u001b[38;2;83;166;230m0.0\u001b[0mV\t\u001b[8X\u001b[38;2;83;166;230m0.0\u001b[0mV\t\u001b[8X\u001b[38;2;83;166;230m0.0\u001b[0mV\t\u001b[8X\u001b[38;2;83;166;230m0.0\u001b[0mV\t\u001b[8X\u001b[38;2;83;166;230m0.0\u001b[0mV\t\u001b[8XGND\u001b8\u001b[?25h"]
["9.299980", "o", "\u001b7\u001b[?25l\u001b[23;0H\u001b[38;2;83;166;230m002.4\u001b[0mmA\u001b8\u001b[?25h"]
["9.712170", "m", "Set first 3 LEDs to green, red and blue"]
["9.713664", "o", "["]
["9.979626", "o", " "]
["10.297955", "o", "0"]
["10.397504", "o", "x"]
["10.551472", "o", "f"]
["10.736630", "o", "f"]
["10.992433", "o", "0"]
["11.202409", "o", "0"]
["11.300005", "o", "\u001b7\u001b[?25l\u001b[23;0H\u001b[38;2;83;166;230m002.1\u001b[0mmA\u001b8\u001b[?25h"]
["11.532676", "o", "0"]
["11.889332", "o", "0"]
["12.009782", "o", " "]
["12.157917", "o", "0"]
["12.317864", "o", "x"]
["12.560057", "o", "0"]
["12.695632", "o", "0"]
["13.071007", "o", "f"]
["13.417351", "o", "f"]
["13.645361", "o", "0"]
["13.914688", "o", "0"]
["14.030930", "o", " "]
["14.195854", "o", "0"]
["14.460543", "o", "x"]
["14.614789", "o", "0"]
["14.889773", "o", "0"]
["15.141939", "o", "0"]
["15.325321", "o", "0"]
["15.447378", "o", "f"]
["15.790351", "o", "f"]
["16.790462", "o", "\r\n"]
["16.811157", "o", "\r\nRESET\r\n\u001b[38;2;191;165;48mTX:\u001b[0m 0x\u001b[38;2;83;166;230mFF\u001b[0m00\u001b"]
["16.812682", "o", "[38;2;83;166;230m00\u001b[0m.24 0x\u001b[38;2;83;166;230m00\u001b[0mFF\u001b[38;2;83;166;230m00\u001b[0m.24 0x\u001b[38;2;83;166;230m00\u001b[0m00\u001b[38;2;83;166;230mFF\u001b[0m.24 \r\n\u001b[38;2;150;203;89mLED-(WS2812)>\u001b[0m \u0003\u0007"]
["17.812961", "m", "Set 3 leds to purple"]
["17.814369", "o", "["]
["18.115649", "o", " "]
["18.312281", "o", "\u001b7\u001b[?25l\u001b[23;0H\u001b[38;2;83;166;230m002.4\u001b[0mmA\u001b8\u001b[?25h"]
["18.402027", "o", "0"]
["18.701300", "o", "x"]
["18.945520", "o", "0"]
["19.147257", "o", "0"]
["19.312407", "o", "\u001b7\u001b[?25l\u001b[23;0H\u001b[38;2;83;166;230m002.1\u001b[0mmA\u001b8\u001b[?25h"]
["19.493665", "o", "F"]
["19.759776", "o", "F"]
["20.046220", "o", "F"]
["20.241093", "o", "F"]
["20.563131", "o", ":"]
["20.886532", "o", "3"]
["21.887043", "o", "\r\n"]
["21.903345", "o", "\r\nRESET\r\n\u001b[38;2;191;165;48mTX:\u001b[0m 0x\u001b[38;2;83;166;230m00\u001b[0mFF\u001b"]
["21.904814", "o", "[38;2;83;166;230mFF\u001b[0m.24 0x\u001b[38;2;83;166;230m00\u001b[0mFF\u001b[38;2;83;166;230mFF\u001b[0m.24 0x\u001b[38;2;83;166;230m00\u001b[0mFF\u001b[38;2;83;166;230mFF\u001b[0m.24 \r\n\u001b[38;2;150;203;89mLED-(WS2812)>\u001b[0m \u0003\u0007"]
