{"version": 2, "width": 80, "height": 24, "timestamp": 1748347542.2345285, "env": {"SHELL": "/bin/bash", "TERM": "xterm-256color"}}
["0.000000", "o", "\u001b7\u001b[99"]
["0.000268", "o", "9;999H\u001b[6n\u001b8"]
["0.001239", "o", "\u001b[?"]
["0.001358", "o", "3l\u001b]0;Bus Pirate 5 REV10\u001b\\\u001b[0m"]
["0.002327", "o", "\u001b[2J\u001b[1;20r"]
["0.002447", "o", "\r\n\u001b[38;2;150;"]
["0.002711", "o", "203;89mHiZ>\u001b[0m \u0003"]
["0.004303", "o", "\u001b7\u001b[?25l\u001b[21;0H\u001b[38;2;0;0;0;48;2;179;175;175m\u001b[80X\u001b[0m\u001b[22;0H\u001b[38;2;0;0;0;48;2;219;48;48m\u001b[8X1.Vout\t\u001b[38;2;0;0;0;48;2;219;117;48m\u001b[8X2.IO0\t\u001b[38;2;0;0;0;48;2;219;202;48m\u001b[8X3.IO1\t\u001b[38;2;0;0;0;48;2;48;219;54m\u001b[8X4.IO2\t\u001b[38;2;0;0;0;48;2;48;94;219m\u001b[8X5.IO3\t\u001b[38;2;0;0;0;48;2;142;48;219m\u001b[8X6.IO4\t\u001b[38;2;0;0;0;48;2;160;82;45m\u001b[8X7.IO5\t\u001b[38;2;0;0;0;48;2;179;175;175m\u001b[8X8.IO6\t\u001b[38;2;0;0;0;48;2;247;247;247m\u001b[8X9.IO7\t\u001b[38;2;255;255;255;48;2;0;0;0m\u001b[8X10.GND\t\u001b[0m\u001b[23;0H\u001b[8X\u001b[8XOFF\t\u001b[8X\u001b[8X-\t\u001b[8X\u001b[8X-\t\u001b[8X\u001b[8X-\t\u001b[8X\u001b[8X-\t\u001b[8X\u001b[8X-\t\u001b[8X\u001b[8X-\t\u001b[8X\u001b[8X-\t\u001b[8X\u001b[8X-\t\u001b[8X\u001b[8XGND\t\u001b[24;0H\u001b[8X\u001b[38;2;83;166;230m0.0\u001b[0mV\t\u001b[8X\u001b[38;2;83;166;230m0.0\u001b[0mV\t\u001b[8X\u001b[38;2;83;166;230m0.0\u001b[0mV\t\u001b[8X\u001b[38;2;83;166;230m0.0\u001b[0mV\t\u001b[8X\u001b[38;2;83;166;230m0.0\u001b[0mV\t\u001b[8X\u001b[38;2;83;166;230m0.0\u001b[0mV\t\u001b[8X\u001b[38;2;83;166;230m0.0\u001b[0mV\t\u001b[8X\u001b[38;2;83;166;230m0.0\u001b[0mV\t\u001b[8X\u001b[38;2;83;166;230m0.0\u001b[0mV\t\u001b[8XGND\u001b8\u001b[?25h"]
["0.261293", "o", "\u001b7\u001b[?25l\u001b[21;0H\u001b[38;2;0;0;0;48;2;179;175;175m\u001b[80X\u001b[0m\u001b[23;0H\u001b[8X\u001b[8XOFF\t\u001b[8X\u001b[8X-\t\u001b[8X\u001b[8X-\t\u001b[8X\u001b[8X-\t\u001b[8X\u001b[8X-\t\u001b[8X\u001b[8X-\t\u001b[8X\u001b[8X-\t\u001b[8X\u001b[8X-\t\u001b[8X\u001b[8X-\t\u001b[8X\u001b[8XGND\t\u001b[24;0H\u001b[8X\u001b[38;2;83;166;230m0.0\u001b[0mV\t\u001b[8X\u001b[38;2;83;166;230m0.0\u001b[0mV\t\u001b[8X\u001b[38;2;83;166;230m0.0\u001b[0mV\t\u001b[8X\u001b[38;2;83;166;230m0.0\u001b[0mV\t\u001b[8X\u001b[38;2;83;166;230m0.0\u001b[0mV\t\u001b[8X\u001b[38;2;83;166;230m0.0\u001b[0mV\t\u001b[8X\u001b[38;2;83;166;230m0.0\u001b[0mV\t\u001b[8X\u001b[38;2;83;166;230m0.0\u001b[0mV\t\u001b[8X\u001b[38;2;83;166;230m0.0\u001b[0mV\t\u001b[8XGND\u001b8\u001b[?25h"]
["0.994115", "m", "I2C scan, read and write EEPROM"]
["0.994765", "o", "m"]
["1.191962", "o", " "]
["1.287141", "o", "i"]
["1.437558", "o", "2"]
["1.573653", "o", "c"]
["2.073915", "o", "\r\n"]
["2.074053", "o", "\r\n"]
["2.074315", "o", "\u001b[38;2;191;165;48mMode:\u001b[0m I2C"]
["2.074589", "o", "\r\n\u001b[38;2;191;165;48mI2C speed\u001b[0m\r\n "]
["2.074800", "o", "1kHz to 1000kHz\r\n x. \u001b[38;2;191;165;48mExit\u001b[0m\r\n\u001b[38;2;150;203;89mkHz (\u001b[0m400kHz*"]
["2.074866", "o", "\u001b[38;2;150;203;89m) >\u001b[0m \u0003\u0007"]
["2.575608", "o", "1"]
["2.717567", "o", "0"]
["2.866513", "o", "0"]
["3.366620", "o", "\r\n"]
["3.366934", "o", "\u001b[38;2;191;165;48mClock stretching\u001b[0m\r\n 1. \u001b[38;2;191;165;48mOFF*\u001b[0m\r\n "]
["3.367466", "o", "2. \u001b[38;2;191;165;48mON\u001b[0m\r\n x. \u001b[38;2;191;165;48mExit\u001b[0m\r\n\u001b[38;2;150;203;89mOFF (\u001b[0m1\u001b[38;2;150;203;89m) >\u001b[0m \u0003\u0007"]
["3.868390", "o", "1"]
["5.409950", "o", "\u001b[0m\r\n\u001b[38;2;"]
["5.410097", "o", "150;203;89mI2C>\u001b[0m \u0003\u0007"]
["5.744979", "o", "\u001b7\u001b[?25l\u001b[21;0H\u001b[38;2;0;0;0;48;2;179;175;175m\u001b[80X\u001b[0m\u001b[23;0H\u001b[8X\u001b[8XOFF\t\u001b[8X\u001b[8XSDA\t\u001b[8X\u001b[8XSCL\t\u001b[8X\u001b[8X-\t\u001b[8X\u001b[8X-\t\u001b[8X\u001b[8X-\t\u001b[8X\u001b[8X-\t\u001b[8X\u001b[8X-\t\u001b[8X\u001b[8X-\t\u001b[8X\u001b[8XGND\t\u001b8\u001b[?25h"]
["5.910874", "o", "W"]
["5.971671", "o", " "]
["6.128383", "o", "3"]
["6.264764", "o", "."]
["6.390844", "o", "3"]
["6.891244", "o", "\r\n"]
["7.116655", "o", "\u001b[38;2;83;166;230m3.30\u001b[0mV\u001b[38;2;191;165;48m requested, closest"]
["7.120416", "o", " value: \u001b[38;2;83;166;230m3.30\u001b[0mV\r\n\u001b[38;2;83;166;230m300.0\u001b[0mmA\u001b[38;2;191;165;48m requested, closest value: \u001b[38;2;83;166;230m300.0\u001b[0mmA\r\n\r\n\u001b[38;2;191;165;48mPower supply:\u001b[0mEnabled\r\n\u001b[38;2;191;165;48mVreg output: \u001b[38;2;83;166;230m3.3\u001b[0mV\u001b[38;2;191;165;48m, Vref/Vout pin: \u001b[38;2;83;166;230m3.3\u001b[0mV\u001b[38;2;191;165;48m, Current: \u001b[38;2;83;166;230m2.9\u001b[0mmA\u001b[38;2;191;165;48m\r\n\u001b[0m\u001b[0m\r\n\u001b[38;2;150;203;89mI2C>\u001b[0m \u0003\u0007"]
["7.241925", "o", "\u001b7\u001b[?25l\u001b[21;0H\u001b[38;2;0;0;0;48;2;179;175;175mVout: 3.29V/300.0mA"]
["7.245952", "o", " max | \u001b[54X\u001b[0m\u001b[23;0H\u001b[8X\u001b[8X\u001b[38;2;83;166;230m002.6\u001b[0mmA\t\u001b[8X\u001b[8XSDA\t\u001b[8X\u001b[8XSCL\t\u001b[8X\u001b[8X-\t\u001b[8X\u001b[8X-\t\u001b[8X\u001b[8X-\t\u001b[8X\u001b[8X-\t\u001b[8X\u001b[8X-\t\u001b[8X\u001b[8X-\t\u001b[8X\u001b[8XGND\t\u001b[24;0H\u001b[8X\u001b[38;2;83;166;230m3.3\u001b[0mV\t\u001b[8X\u001b[38;2;83;166;230m0.0\u001b[0mV\t\u001b[8X\u001b[38;2;83;166;230m0.0\u001b[0mV\t\u001b[8X\u001b[38;2;83;166;230m0.0\u001b[0mV\t\u001b[8X\u001b[38;2;83;166;230m0.0\u001b[0mV\t\u001b[8X\u001b[38;2;83;166;230m0.0\u001b[0mV\t\u001b[8X\u001b[38;2;83;166;230m0.0\u001b[0mV\t\u001b[8X\u001b[38;2;83;166;230m0.0\u001b[0mV\t\u001b[8X\u001b[38;2;83;166;230m0.0\u001b[0mV\t\u001b[8XGND\u001b8\u001b[?25h"]
["7.621666", "o", "P"]
["7.716598", "o", "\u001b7\u001b[?25l\u001b[23;0H\u001b[38;2;83;166;230m002.4\u001b[0mmA\u001b8\u001b[?25h"]
["8.122232", "o", "\r\n"]
["8.131441", "o", "\u001b[38;2;191;165;48mPull-up resistors:\u001b[0m Enabled (10K ohms @ \u001b[3"]
["8.132309", "o", "8;2;83;166;230m3.2\u001b[0mV)\r\n\u001b[0m\r\n\u001b[38;2;150;203;89mI2C>\u001b[0m \u0003\u0007"]
["8.228287", "o", "\u001b7\u001b[?25l\u001b[21;0H\u001b[38;2;0;0;0;48;2;179;175;175mVout: 3.29V/300.0mA"]
["8.231163", "o", " max | Pull-ups: ON | \u001b[39X\u001b[0m\u001b[24;0H\u001b[8X\u001b[38;2;83;166;230m3.2\u001b[0mV\t\u001b[8X\u001b[38;2;83;166;230m3.2\u001b[0mV\t\u001b[8X\u001b[38;2;83;166;230m3.2\u001b[0mV\t\u001b[8X\u001b[38;2;83;166;230m3.2\u001b[0mV\t\u001b[8X\u001b[38;2;83;166;230m3.2\u001b[0mV\t\u001b[8X\u001b[38;2;83;166;230m3.3\u001b[0mV\t\u001b[8X\u001b[38;2;83;166;230m3.2\u001b[0mV\t\u001b[8X\u001b[38;2;83;166;230m3.2\u001b[0mV\t\u001b[8X\u001b[38;2;83;166;230m3.3\u001b[0mV\t\u001b[8XGND\u001b8\u001b[?25h"]
["8.634056", "o", "s"]
["8.718623", "o", "\u001b7\u001b[?25l\u001b[24;0H\u001b[38;2;83;166;230m3.3\u001b[0mV\t\u001b[38;2;83;166;230m3.3\u001b"]
["8.720556", "o", "[0mV\t\u001b[38;2;83;166;230m3.2\u001b[0mV\t\u001b[38;2;83;166;230m3.2\u001b[0mV\t\u001b[38;2;83;166;230m3.2\u001b[0mV\t\u001b[38;2;83;166;230m3.2\u001b[0mV\t\u001b[38;2;83;166;230m3.2\u001b[0mV\t\u001b[38;2;83;166;230m3.2\u001b[0mV\t\u001b[38;2;83;166;230m3.2\u001b[0mV\t\t\u001b8\u001b[?25h"]
["8.777997", "o", "c"]
["8.895972", "o", "a"]
["9.091922", "o", "n"]
["9.218062", "o", "\u001b7\u001b[?25l\u001b[23;0H\u001b[38;2;83;166;230m002.1\u001b[0mmA\u001b[24;0H\u001b[38;2;83;166"]
["9.220029", "o", ";230m3.3\u001b[0mV\t\u001b[38;2;83;166;230m3.3\u001b[0mV\t\u001b[38;2;83;166;230m3.2\u001b[0mV\t\u001b[38;2;83;166;230m3.2\u001b[0mV\t\u001b[38;2;83;166;230m3.2\u001b[0mV\t\u001b[38;2;83;166;230m3.2\u001b[0mV\t\u001b[38;2;83;166;230m3.2\u001b[0mV\t\u001b[38;2;83;166;230m3.2\u001b[0mV\t\u001b[38;2;83;166;230m3.3\u001b[0mV\t\t\u001b8\u001b[?25h"]
["9.592384", "o", "\r\n"]
["9.601061", "o", "I2C address search:\r\n"]
["9.622568", "o", "\u001b[38;2;0;0;"]
["9.623715", "o", "0;48;2;179;175;175m0x50 (0xA0 W) (0xA1 R)\u001b[0m\r\n0x51 (0xA2 W) (0x"]
