{"version": 2, "width": 80, "height": 24, "timestamp": 1745930544, "env": {"SHELL": "/bin/bash", "TERM": "xterm-256color"}}
[0.0, "o", "\r\n"]
[0.000527, "o", "\u001b7\u001b[999;999H\u001b[6n\u001b8"]
[0.005646, "o", "\u001b[?3l\u001b]0;Bus Pirate 5 REV10\u001b\\\u001b[0m\u001b[2J\u001b[1;20r\u001b[0m\r\n\u001b"]
[0.005898, "o", "[38;2;150;203"]
[0.006334, "o", ";89mLED-()>\u001b[0m "]
[0.007744, "o", "\u001b7\u001b[?25l\u001b[21;0H\u001b[38;2;0;0;0;48;2;179;175;175mVout: 3.29V/300.0mA"]
[0.008864, "o", " max | \u001b[54X\u001b[0m\u001b[22;0H\u001b[38;2;0;0;0;48;2;219;48;48m\u001b[8X1.Vout\t\u001b[38;2;0;0;0;48;2;219;117;48m\u001b[8X2.IO0\t\u001b[38;2;0;0;0;48;2;219;202;4"]
[0.009511, "o", "8m\u001b[8X3.IO1\t\u001b[38;2;0;0;0;48;2;48;219;54m\u001b[8X4.IO2\t\u001b[38;2;0;0;0;4"]
[0.010718, "o", "8;2;48;94;219m\u001b[8X5.IO3\t\u001b[38;2;0;0;0;48;2;142;48;219m\u001b[8X6.IO4\t\u001b[38;2;0;0;0;48;2;160;82;45m\u001b[8X7.IO5\t\u001b[38;2;0;0;0;48;2;179;175;1"]
[0.011649, "o", "75m\u001b[8X8.IO6\t\u001b[38;2;0;0;0;48;2;247;247;247m\u001b[8X9.IO7\t\u001b[38;2;"]
[0.011857, "o", "255;255;255;48;2;0;0;0m\u001b[8X10.GND\t\u001b[0m\u001b[23;0H\u001b[8X\u001b[8X\u001b[38;2;83;166;2"]
[0.012789, "o", "30m002.1\u001b[0mmA\t\u001b[8X\u001b[8X-\t\u001b[8X\u001b[8X-\t\u001b[8X\u001b[8X-\t\u001b[8X\u001b[8X-\t\u001b[8X\u001b[8X-\t\u001b[8X\u001b[8X-\t\u001b[8X\u001b[8X-\t\u001b[8X\u001b[8X-\t\u001b[8X\u001b[8XGND\t\u001b[24;0H\u001b[8X\u001b[38;2;83;"]
[0.0136, "o", "166;230m3.3\u001b[0mV\t\u001b[8X\u001b[38;2;83;166;230m0.0\u001b[0mV\t\u001b[8X\u001b[38;2;83;166;230m0.0\u001b[0mV\t\u001b[8X"]
[0.013852, "o", "\u001b[38;2;83;166;230m0.0\u001b[0mV\t\u001b[8X\u001b[38;2;83;166;"]
[0.014792, "o", "230m0.0\u001b[0mV\t\u001b[8X\u001b[38;2;83;166;230m0.0\u001b[0mV\t\u001b[8X\u001b[38;2;83;166;230m0.0\u001b[0mV\t\u001b[8X\u001b[38;2;83;166;230m0.0\u001b[0mV\t\u001b[8X\u001b[38;2;83;166;230m"]
[0.015284, "o", "0.0\u001b[0mV\t\u001b[8XGND\u001b8\u001b[?25h"]
[0.485845, "o", "\u001b7\u001b[?25l\u001b[21;0H\u001b[38;2;0;0;0;48;2;179;175;175mVout: 3.29V/300.0mA"]
[0.486431, "o", " max | \u001b[54X\u001b[0m\u001b[23;0H\u001b[8X\u001b[8X\u001b[38;2;83;166;230m002.1\u001b[0mmA\t\u001b[8X\u001b[8X-\t\u001b[8X\u001b[8X-\t\u001b[8X\u001b[8X-\t\u001b[8X\u001b[8X-\t\u001b[8X\u001b[8X-\t\u001b[8X\u001b[8X-\t\u001b[8X\u001b[8"]
[0.491285, "o", "X-\t\u001b[8X\u001b[8X-\t\u001b[8X\u001b[8XGND\t\u001b[24;0H\u001b[8X\u001b[38;2;83;166;230m3.3\u001b[0mV\t\u001b"]
[0.492523, "o", "[8X\u001b[38;2;83;166;230m0.0\u001b[0mV\t\u001b[8X\u001b[38;2;83;166;230m0.0\u001b[0mV\t\u001b[8X\u001b[38;2;83;166;230m0.0\u001b[0mV\t\u001b[8X\u001b[38;2;83;166;230m0.0\u001b[0mV\t\u001b[8X\u001b"]
[0.493258, "o", "[38;2;83;166;230m0.0\u001b[0mV\t\u001b[8X\u001b[38;2;83;166;230m0.0\u001b[0mV\t\u001b[8X\u001b[38;2;83;166;230m0.0\u001b[0mV\t\u001b[8X\u001b[38;2;83;166;230m0.0\u001b[0mV\t\u001b[8XGND\u001b8"]
[0.494154, "o", "\u001b[?25h"]
[0.94168, "o", "\u001b7\u001b[?25l\u001b[23;0H\u001b[38;2;83;166;230m002.4\u001b[0mmA\u001b8\u001b[?25h"]
[2.937808, "o", "\u001b7\u001b[?25l\u001b[23;0H\u001b[38;2;83;166;230m002.1\u001b[0mmA\u001b8\u001b[?25h"]
[3.137808, "m", "W enable PSU (interactive)"]
[3.137808, "o", "W"]
[3.725504, "o", "\r\n\u001b[38;2;191;165;48mPower supp"]
[3.725618, "o", "ly\r\nVolts (0.80V-5.00V)\u001b[0m\r\n\u001b[38;"]
[3.72615, "o", "2;150;203;89mx to exit (3.30) >\u001b[0m "]
[4.950433, "o", "5"]
[5.150433, "o", "\r\n\u001b[38;2;191;165;48mMaximum current (1mA-500mA), 0 for unlimited"]
[5.1507, "o", "\u001b[0m\r\n\u001b[38;2;150;203;89mx to exit (300.00) >\u001b[0m "]
[6.078633, "o", "1"]
[6.278633, "o", "0"]
[6.478633, "o", "0"]
[7.142932, "o", "\r\n"]
[7.342932, "o", "\u001b7\u001b[?25l\u001b[23;0H\u001b[8X\u001b[8X-\t\u001b[8X\u001b[8X-\t\u001b[8X\u001b[8X-\t\u001b[8X\u001b[8X-\t\u001b[8X\u001b[8X-\t\u001b[8X\u001b[8X-\t\u001b[8X\u001b[8X-\t\u001b[8X\u001b[8X-\t\t\t\u001b[24;0H\u001b[8X\u001b[38;2;83;166;230m5.0\u001b[0mV\t\u001b[8X\u001b[38;2;83;166;230m0.0\u001b[0mV\t\u001b[8X\u001b[38;2;83;166;230m0.0\u001b[0mV\t\u001b[8X\u001b[38;2;83;166;230m0.0\u001b[0mV\t\u001b[8X\u001b[38;2;83;166;230m0.0\u001b[0mV\t\u001b[8X\u001b[38;2;83;166;230m0.0\u001b[0mV\t\u001b[8X\u001b[38;2;83;166;230m0.0\u001b[0mV\t\u001b[8X\u001b[38;2;83;166;230m0.0\u001b[0mV\t\u001b[38;2;83;166;230m0.0\u001b[0mV\t\t\u001b8\u001b[?25h"]
[7.542932, "o", "\u001b[38;2;83;166;230m5.00\u001b[0mV\u001b[38;2;191;165;48m requested, closest"]
[7.544014, "o", " value: \u001b[38;2;83;166;230m5.00\u001b[0mV\r\n\u001b[38;2;83;166;230m100.0\u001b[0mmA\u001b[38;2;191;165;48m requested, closest value: \u001b[38;2;83;166;230"]
[7.545326, "o", "m100.0\u001b[0mmA\r\n\r\n\u001b[38;2;191;165;48mPower supply:\u001b[0mEnabled\r\n\u001b[38;2;191;165;48mVreg output: \u001b[38;2;83;166;230m5.0\u001b[0mV\u001b[38;2;191;"]
[7.546657, "o", "165;48m, Vref/Vout pin: \u001b[38;2;83;166;230m5.0\u001b[0mV\u001b[38;2;191;165;48m, Current: \u001b[38;2;83;166;230m2.3\u001b[0mmA\u001b[38;2;191;165;48m\r\n\u001b["]
[7.547302, "o", "0m\u001b[0m\r\n\u001b[38;2;150;203;89mLED-()>\u001b[0m "]
[7.747302, "o", "\u001b7\u001b[?25l\u001b[21;0H\u001b[38;2;0;0;0;48;2;179;175;175mVout: 5.0V/100.0mA "]
[7.747678, "o", "max | \u001b[55X\u001b[0m\u001b[23;0H\u001b[8X\u001b[8X\u001b[38;2;83;166;230m002.1\u001b[0mmA\t\u001b[8X\u001b[8X-\t\u001b[8X\u001b[8X-\t\u001b[8X\u001b[8X-\t\u001b[8X\u001b[8X-\t\u001b[8X\u001b[8X-\t\u001b[8X\u001b[8X-\t\u001b[8X\u001b[8X"]
[7.749024, "o", "-\t\u001b[8X\u001b[8X-\t\u001b[8X\u001b[8XGND\t\u001b8\u001b[?25h"]
[9.416956, "m", "W 5 100 - enable PSU (command line options)"]
[9.416956, "o", "W"]
[9.616956, "o", " "]
[10.398038, "o", "5"]
[10.598038, "o", " "]
[10.798038, "o", "1"]
[11.452006, "o", "0"]
[11.652006, "o", "0"]
[12.622023, "o", "\r\n"]
[12.822023, "o", "\u001b7\u001b[?25l\u001b[23;0H\u001b[8X\u001b[8X-\t\u001b[8X\u001b[8X-\t\u001b[8X\u001b[8X-\t\u001b[8X\u001b[8X-\t\u001b[8X\u001b[8X-\t\u001b[8X\u001b[8X-\t\u001b[8X\u001b[8X-\t\u001b[8X\u001b[8X-\t\t\t\u001b8\u001b[?25h"]
[13.022023, "o", "\u001b[38;2;83;166;230m5.00\u001b[0mV\u001b[38;2;191;165;48m requested, closest"]
[13.023158, "o", " value: \u001b[38;2;83;166;230m5.00\u001b[0mV\r\n\u001b[38;2;83;166;230m100.0\u001b[0mmA\u001b[38;2;191;165;48m requested, closest value: \u001b[38;2;83;166;230"]
[13.024111, "o", "m100.0\u001b[0mmA\r\n\r\n\u001b[38;2;191;165;48mPower supply:\u001b[0mEnabled\r\n\u001b[38;2;191;165;48mVreg output: \u001b[38;2;83;166;230m5.0\u001b[0mV\u001b[38;2;191;"]
[13.024946, "o", "165;48m, Vref/Vout pin: \u001b[38;2;83;166;230m5.0\u001b[0mV\u001b[38;2;191;165;48m, Current: \u001b[38;2;83;166;230m2.3\u001b[0mmA\u001b[38;2;191;165;48m\r\n\u001b["]
[13.025221, "o", "0m\u001b[0m\r\n\u001b[38;2;150;203;89mLED-()>\u001b[0m "]
[13.225221, "o", "\u001b7\u001b[?25l\u001b[21;0H\u001b[38;2;0;0;0;48;2;179;175;175mVout: 5.0V/100.0mA "]
[13.226236, "o", "max | \u001b[55X\u001b[0m\u001b[23;0H\u001b[8X\u001b[8X\u001b[38;2;83;166;230m002.1\u001b[0mmA\t\u001b[8X\u001b[8X-\t\u001b[8X\u001b[8X-\t\u001b[8X\u001b[8X-\t\u001b[8X\u001b[8X-\t\u001b[8X\u001b[8X-\t\u001b[8X\u001b[8X-\t\u001b[8X\u001b[8X"]
[13.227929, "o", "-\t\u001b[8X\u001b[8X-\t\u001b[8X\u001b[8XGND\t\u001b8\u001b[?25h"]
[14.316477, "m", "W 5 - enable PSU (default current limit)"]
[14.316477, "o", "W"]
[14.516477, "o", " "]
[15.275896, "o", "5"]
[16.190691, "o", "\r\n"]
[16.230062, "o", "\u001b7\u001b[?25l\u001b[23;0H\u001b[8X\u001b[8X-\t\u001b[8X\u001b[8X-\t\u001b[8X\u001b[8X-\t\u001b[8X\u001b[8X-\t"]
[16.230454, "o", "\u001b[8X\u001b[8X-\t\u001b[8X\u001b[8X-\t\u001b[8X\u001b[8X-\t\u001b[8X\u001b[8X-\t\t\t\u001b8\u001b[?25h"]
[16.430454, "o", "\u001b[38;2;83;166;230m5.00\u001b[0mV\u001b[38;2;191;165;48m requested, closest"]
[16.431634, "o", " value: \u001b[38;2;83;166;230m5.00\u001b[0mV\r\n\u001b[38;2;83;166;230m300.0\u001b[0mmA\u001b[38;2;191;165;48m requested, closest value: \u001b[38;2;83;166;230"]
