{"version": 2, "width": 80, "height": 24, "timestamp": 1745931822, "env": {"SHELL": "/bin/bash", "TERM": "xterm-256color"}}
[0.0, "o", "\r\n"]
[0.000321, "o", "\u001b7\u001b[999;999H\u001b[6n\u001b8"]
[0.004175, "o", "\u001b[?3l\u001b]0;Bus Pirate 5 REV10\u001b\\\u001b[0m\u001b[2J\u001b["]
[0.005307, "o", "1;20r\u001b[0m\r\n\u001b[38;2;150;203;89mLED-()>\u001b[0m \u001b7\u001b[?25l\u001b[21;0H\u001b[38;2;0;0;0;48;2;179;175;175m\u001b[80X\u001b[0m\u001b[22;0H\u001b[38;2"]
[0.005388, "o", ";0;0;0;48;"]
[0.005842, "o", "2;219;48;48m\u001b[8X1.Vout\t\u001b[38;2;0;0;0;48;2;219;117;48m\u001b[8X2.IO0\t\u001b[38;2;0;0;0;48;2;219;202;48m\u001b[8X3.IO1\t\u001b[38;2;0;0;0;48;2;48;219;54m\u001b[8X4.IO2\t\u001b[38;2;0;0;0;48;2;48;94;219m\u001b[8X5.IO3\t\u001b[38;2;0;0;0;48;2;142;48;219m\u001b[8X6.IO4\t\u001b[38;2;0;0;0;48;2;160;82;45m\u001b[8X7.IO5\t\u001b[38;2;0;0;0;48;2;179;175;175m\u001b[8X8.IO6\t\u001b[38;2;0;0;0;"]
[0.00617, "o", "48;2;247;247;247m\u001b[8X9.IO7\t\u001b[38;2;255;255;255;48;2;0;0;0m\u001b[8X10.GND\t\u001b[0m\u001b[23;0H\u001b[8X\u001b[8XOF"]
[0.006447, "o", "F\t\u001b[8X\u001b[8X-\t\u001b[8X\u001b[8X-\t\u001b[8X\u001b[8X-\t\u001b[8X\u001b[8X-\t\u001b[8X\u001b[8X-\t\u001b[8X\u001b[8X-\t\u001b[8X\u001b[8X-\t\u001b[8X\u001b[8X-\t\u001b[8X\u001b[8XGND\t\u001b[24;0H\u001b[8X\u001b[38;2;83;166;230m0.0\u001b[0mV\t\u001b[8X\u001b[38;2;83;166;230m0.0\u001b[0mV\t\u001b[8X\u001b[38;2;83;166;230m0.0\u001b[0mV\t\u001b[8X\u001b[38;2;83;166;230m0.0\u001b[0mV\t\u001b[8X\u001b[38;2;83;166;230m0.0\u001b[0mV\t\u001b[8X\u001b[38;2;83;166;230m0.0\u001b[0mV\t\u001b[8X"]
[0.006883, "o", "\u001b[38;2;83;166;230m0.0\u001b[0mV\t\u001b[8X\u001b[38;2;83;166;230m0.0\u001b[0mV\t\u001b[8X\u001b[38;2;83;166;230m0.0\u001b[0mV\t\u001b[8XGND\u001b8\u001b[?25h"]
[0.206883, "o", "\u001b7\u001b[?25l\u001b[21;0H\u001b[38;2;0;0;0;48;2;179;175;175m\u001b[80X\u001b[0m\u001b[23;0H\u001b[8X\u001b[8XOFF\t\u001b[8X\u001b[8X-\t\u001b[8X\u001b[8X-\t\u001b[8X\u001b[8X-\t\u001b[8X\u001b[8X-\t\u001b[8X\u001b[8X-\t\u001b[8X\u001b[8X-\t\u001b[8X\u001b[8X-\t\u001b[8X\u001b[8X-\t\u001b[8X\u001b[8XGND\t\u001b[24;0H\u001b[8X\u001b[38;2;83;166;230m0.0\u001b[0mV\t\u001b[8X\u001b[38;2;83;166;230m0.0\u001b[0mV\t\u001b[8X\u001b[38;2;83;166;230m0.0\u001b[0mV\t\u001b[8X\u001b[38;2;83;166;230m0.0\u001b[0mV\t\u001b[8X\u001b[38;2;83;166;230m0.0\u001b[0mV\t\u001b[8X\u001b[38;2;83;166;230m0.0\u001b[0mV\t\u001b[8X\u001b[38;2;83;166;230m0.0\u001b[0mV\t\u001b[8X\u001b[38;2;83;166;230m0.0\u001b[0mV\t\u001b[8X\u001b[38;2;83;166;230m0.0\u001b[0mV\t\u001b[8XGND\u001b8\u001b[?25h"]
[2.206883, "m", "W enable PSU (interactive)"]
[2.206883, "o", "W"]
[3.438353, "o", "\r\n\u001b[38;2;191;165;48mPower supply\r\nVolts (0.80V-5.00V)\u001b[0m\r\n\u001b[38;2;150;203;89mx to exit ("]
[3.438879, "o", "3.30) >\u001b[0m "]
[4.717182, "o", "5"]
[5.141881, "o", "\r\n"]
[5.142443, "o", "\u001b[38;2;191;165;48mMaximum current (1mA-500mA), 0 for unlimited\u001b[0m\r\n\u001b[38;2;150;203;89"]
[5.142584, "o", "mx to exit (300.00) >\u001b[0m "]
[5.976494, "o", "1"]
[6.176494, "o", "0"]
[6.376494, "o", "0"]
[7.048907, "o", "\r\n"]
[7.248907, "o", "\u001b[38;2;83;166;230m5.00\u001b[0mV\u001b[38;2;191;165;48m requested, closest value: \u001b[38;2;83;166;230m5.00\u001b[0mV\r\n\u001b[38;2;83;166;230m100.0\u001b[0mmA\u001b[38;2;191;165;48m requested, closest value: \u001b[38;2;83;166;230"]
[7.249842, "o", "m100.0\u001b[0mmA\r\n\r\n\u001b[38;2;191;165;48mPower supply:\u001b[0mEnabled\r\n\u001b[38;2;191;165;48mVreg output: \u001b[38;2;83;166;230m5.0\u001b[0mV\u001b[38;2;191;"]
[7.25087, "o", "165;48m, Vref/Vout pin: \u001b[38;2;83;166;230m5.0\u001b[0mV\u001b[38;2;191;165;48m, Current: \u001b[38;2;83;166;230m2.9\u001b[0mmA\u001b[38;2;191;165;48m\r\n\u001b["]
[7.251113, "o", "0m\u001b[0m\r\n\u001b[38;2;150;203;89mLED-()>\u001b[0m "]
[7.451113, "o", "\u001b7\u001b[?25l\u001b[21;0H\u001b[38;2;0;0;0;48;2;179;175;175mVout: 5.0V/100.0mA "]
[7.451701, "o", "max | \u001b[55X\u001b[0m\u001b[23;0H\u001b[8X\u001b[8X\u001b[38;2;83;166;230m002.6\u001b[0mmA\t\u001b[8X\u001b[8X-\t\u001b[8X\u001b[8X-\t\u001b[8X\u001b[8X-\t\u001b[8X\u001b[8X-\t\u001b[8X\u001b[8X-\t\u001b[8X\u001b[8X-\t\u001b[8X\u001b[8X"]
[7.45243, "o", "-\t\u001b[8X\u001b[8X-\t\u001b[8X\u001b[8XGND\t\u001b[24;0H\u001b[8X\u001b[38;2;83;166;230m5.0\u001b[0mV\t\u001b[8X\u001b[38;2;83;166;230m0.0\u001b[0mV\t\u001b[8X\u001b[38;2;83;166;230m0.0\u001b[0mV\t\u001b[8X"]
[7.454009, "o", "\u001b[38;2;83;166;230m0.0\u001b[0mV\t\u001b[8X\u001b[38;2;83;166;230m0.0\u001b[0mV\t\u001b[8X\u001b[38;2;83;166;230m0.0\u001b[0mV\t\u001b[8X\u001b[38;2;83;166;230m0.0\u001b[0mV\t\u001b[8X\u001b[38"]
[7.454371, "o", ";2;83;166;230m0.0\u001b[0mV\t\u001b[8X\u001b[38;2;83;166;230m0.0\u001b[0mV\t\u001b[8XGND\u001b8\u001b[?25h"]
[7.927082, "o", "\u001b7\u001b[?25l\u001b[23;0H\u001b[38;2;83;166;230m002.4\u001b[0mmA\u001b8\u001b[?25h"]
[9.100788, "m", "W 5 100 - enable PSU (command line options)"]
[9.100788, "o", "W"]
[9.300788, "o", " "]
[9.500788, "o", "\u001b7\u001b[?25l\u001b[23;0H\u001b[38;2;83;166;230m002.1\u001b[0mmA\u001b8\u001b[?25h"]
[10.010904, "o", "5"]
[10.452335, "o", " "]
[10.983759, "o", "1"]
[11.183759, "o", "0"]
[11.383759, "o", "0"]
[12.256863, "o", "\r\n"]
[12.456863, "o", "\u001b[38;2;83;166;230m5.00\u001b[0mV\u001b[38;2;191;165;48m requested, closest"]
[12.457559, "o", " value: \u001b[38;2;83;166;230m5.00\u001b[0mV\r\n\u001b[38;2;83;166;230m100.0\u001b[0mmA\u001b[38;2;191;165;48m requested, closest value: \u001b[38;2;83;166;230"]
[12.458907, "o", "m100.0\u001b[0mmA\r\n\r\n\u001b[38;2;191;165;48mPower supply:\u001b[0mEnabled\r\n\u001b[38;2;191;165;48mVreg output: \u001b[38;2;83;166;230m5.0\u001b[0mV\u001b[38;2;191;"]
[12.459669, "o", "165;48m, Vref/Vout pin: \u001b[38;2;83;166;230m5.0\u001b[0mV\u001b[38;2;191;165;48m, Current: \u001b[38;2;83;166;230m2.3\u001b[0mmA\u001b[38;2;191;165;48m\r\n\u001b["]
[12.460154, "o", "0m\u001b[0m\r\n\u001b[38;2;150;203;89mLED-()>\u001b[0m "]
[12.660154, "o", "\u001b7\u001b[?25l\u001b[21;0H\u001b[38;2;0;0;0;48;2;179;175;175mVout: 5.0V/100.0mA "]
[12.661136, "o", "max | \u001b[55X\u001b[0m\u001b[23;0H\u001b[8X\u001b[8X\u001b[38;2;83;166;230m002.1\u001b[0mmA\t\u001b[8X\u001b[8X-\t\u001b[8X\u001b[8X-\t\u001b[8X\u001b[8X-\t\u001b[8X\u001b[8X-\t\u001b[8X\u001b[8X-\t\u001b[8X\u001b[8X-\t\u001b[8X\u001b[8X"]
[12.662054, "o", "-\t\u001b[8X\u001b[8X-\t\u001b[8X\u001b[8XGND\t\u001b8\u001b[?25h"]
[13.136303, "o", "\u001b7\u001b[?25l\u001b[23;0H\u001b[38;2;83;166;230m002.4\u001b[0mmA\u001b8\u001b[?25h"]
[13.63662, "o", "\u001b7\u001b[?25l\u001b[23;0H\u001b[38;2;83;166;230m002.1\u001b[0mmA\u001b8\u001b[?25h"]
[15.177973, "m", "W 5 - enable PSU (default current limit)"]
[15.177973, "o", "W"]
[16.010682, "o", " "]
[16.210682, "o", "5"]
[17.985716, "o", "\r\n"]
[18.185716, "o", "\u001b[38;2;83;166;230m5.00\u001b[0mV\u001b[38;2;191;165;48m requested, closest"]
[18.186595, "o", " value: \u001b[38;2;83;166;230m5.00\u001b[0mV\r\n\u001b[38;2;83;166;230m300.0\u001b[0mmA\u001b[38;2;191;165;48m requested, closest value: \u001b[38;2;83;166;230"]
[18.187353, "o", "m300.0\u001b[0mmA\r\n\r\n\u001b[38;2;191;165;48mPower supply:\u001b[0mEnabled\r\n\u001b[38;2;191;165;48mVreg output: \u001b[38;2;83;166;230m5.0\u001b[0mV\u001b[38;2;191;"]
[18.189302, "o", "165;48m, Vref/Vout pin: \u001b[38;2;83;166;230m5.0\u001b[0mV\u001b[38;2;191;165;48m, Current: \u001b[38;2;83;166;230m2.3\u001b[0mmA\u001b[38;2;191;165;48m\r\n\u001b[0m\u001b[0m\r\n\u001b[38;2;150;203;89mLED-()>\u001b[0m "]
[18.389302, "o", "\u001b7\u001b[?25l\u001b[21;0H\u001b[38;2;0;0;0;48;2;179;175;175mVout: 5.0V/300.0mA "]
[18.390399, "o", "max | \u001b[55X\u001b[0m\u001b[23;0H\u001b[8X\u001b[8X\u001b[38;2;83;166;230m002.1\u001b[0mmA\t\u001b[8X\u001b[8X-\t\u001b[8X\u001b[8X-\t\u001b[8X\u001b[8X-\t\u001b[8X\u001b[8X-\t\u001b[8X\u001b[8X-\t\u001b[8X\u001b[8X-\t\u001b[8X\u001b[8X-\t\u001b[8X\u001b[8X-\t\u001b[8X\u001b[8XGND\t\u001b8\u001b[?25h"]
[20.390399, "m", "test current limit fuse"]
[20.390399, "o", "W"]
[20.590399, "o", " "]
[21.386567, "o", "5"]
