{"version": 2, "width": 80, "height": 21, "timestamp": 1745841708, "env": {"SHELL": "/bin/bash", "TERM": "xterm-256color"}}
[0.012886, "o", "\u001b[?2004h\u001b]0;ian@DESKTOP-7VKKLTO: ~\u0007\u001b[01;32mian@DESKTOP-7VKKLTO\u001b[00m:\u001b[01;34m~\u001b[00m$ "]
[1.504607, "o", "asciinema rec test4.cast"]
[1.834728, "o", "\b\b\b\b\b\b\b\b\b\b\b\b\b\bplay test3.cast"]
[2.385954, "o", "\b\b\b\b\b\b\u001b[1P.cast"]
[2.725529, "o", "\b\b\b\b\b\b\b\b\b\b\b\b\b\b\b\b\b\b\b\b\b\b\b\bslr\u001b[K"]
[3.866367, "o", "\b\u001b[K"]
[4.368806, "o", "\b\u001b[K"]
[4.405684, "o", "\b\u001b[K"]
[4.445434, "o", "\u0007"]
[4.480155, "o", "\u0007"]
[4.510149, "o", "\u0007"]
[4.544711, "o", "\u0007"]
[4.571978, "o", "\u0007"]
[5.336188, "o", "\u001b[7msudo tio /dev/ttyACM0\u001b[27m"]
[5.896026, "o", "\b\b\b\b\b\b\b\b\b\b\b\b\b\b\b\b\b\b\b\b\bsudo tio /dev/ttyACM0\r\n\u001b[?2004l\r"]
[5.898942, "o", "[sudo] password for ian: "]
[7.610006, "o", "\r\n"]
[7.648871, "o", "\r\u001b[1m[14:01:56.584] tio v2.7\u001b[0m\r\n\r\u001b[1m[14:01:56.584] Press ctrl-t q to quit\u001b[0m\r\n"]
[7.651133, "o", "\r\u001b[1m[14:01:56.586] Connected\u001b[0m\r\n"]
[8.983678, "o", "\r\n"]
[8.984263, "o", "\u001b[38;2;150;203;89mHiZ>\u001b[0m "]
[9.761333, "o", "c"]
[9.878728, "o", "l"]
[9.948382, "o", "s"]
[10.118983, "o", "\r\n"]
[10.119352, "o", "\u001b7\u001b[999;999H"]
[10.119478, "o", "\u001b[6n\u001b8"]
[10.123006, "o", "\u001b[?3l\u001b]0;Bus Pirate 5 REV10\u001b\\\u001b[0m\u001b[2J\u001b["]
[10.124022, "o", "1;17r\u001b[0m\r\n\u001b[38"]
[10.124434, "o", ";2;150;203;89mHiZ>\u001b[0m \u001b7\u001b[?25l\u001b[18;0H\u001b[38;2;0;0;0;48;2;179;175;175m\u001b[80X\u001b[0m\u001b[19;0H\u001b[38;2;0;0;0;48;2;219;48;48m\u001b[8X1.Vout\t\u001b[38;2;0;0;0;48;2;219;117;48"]
[10.124709, "o", "m\u001b[8X2.IO0\t\u001b[38;2;0;0;0;48;2;219;202;48m\u001b[8X3.IO1\t\u001b[38;2;0;0;0;48;2;48;219;54m"]
[10.12514, "o", "\u001b[8X4.IO2\t\u001b[38;2;0;0;0;48;2;48;94;219m\u001b[8X5.IO3\t\u001b[38;2;0;0;0;48;2;142;48;219m\u001b[8X6.IO4\t\u001b[38;2;0;0;0;48;2;160;82;45m\u001b[8X7.IO5\t\u001b[38;2;0;0;0;48;2;179;175;175m\u001b[8X8.IO6\t\u001b[38;2;0;0;0;48;2;247;247;247m\u001b[8X9.IO7\t\u001b[38;2;255;255;255;48;2;0;0;0m\u001b[8X10.GND\t\u001b[0m\u001b[20;0H\u001b[8X\u001b[8XOFF\t\u001b[8X\u001b[8X-\t\u001b[8X\u001b[8X-\t\u001b[8X\u001b[8X-\t\u001b"]
[10.12564, "o", "[8X\u001b[8X-\t\u001b[8X\u001b[8X-\t\u001b[8X\u001b[8X-\t\u001b[8X\u001b[8X-\t\u001b[8X\u001b[8X-\t\u001b[8X\u001b[8XGND\t\u001b[21;0H\u001b[8X\u001b[38;2;83;166;230m0.0\u001b[0mV\t\u001b[8X\u001b[38;2;83;166;230m0.0\u001b[0mV\t\u001b[8X\u001b[38;2;83;166;230m0.0\u001b[0mV\t\u001b[8"]
[10.125736, "o", "X\u001b[38;2;83;166;230m0.0\u001b[0mV\t\u001b[8X\u001b[38;2;83;166;230m0.0\u001b[0mV\t\u001b[8X\u001b[38;2;83;166;230m0.0\u001b[0mV\t\u001b[8X\u001b[38;2;83;166;230m0.0\u001b[0mV\t\u001b[8X\u001b[38;2;83;166;230m0.0\u001b[0mV\t\u001b[8X\u001b[38;2;83;166;230m0.0\u001b[0mV\t\u001b[8XGND\u001b8\u001b[?25h"]
[10.38304, "o", "\u001b7\u001b[?25l\u001b[18;0H\u001b[38;2;0;0;0;48;2;179;175;175m\u001b[80X\u001b[0m\u001b[20;0H\u001b[8X\u001b[8XOFF\t\u001b[8X\u001b[8X-\t\u001b[8X\u001b[8X-\t\u001b[8X\u001b[8X-\t\u001b[8X\u001b[8X-\t\u001b[8X\u001b[8X-\t\u001b[8X\u001b[8X-\t\u001b[8X\u001b[8X-\t\u001b[8X\u001b[8X-\t\u001b[8X\u001b[8XGND\t\u001b[21;0H\u001b[8X\u001b[38;2;83;166;230m0.0\u001b[0mV\t\u001b[8X\u001b[38;2;83;166;230m0.0\u001b[0mV\t\u001b[8X\u001b[38;2;83;166;230m0.0\u001b[0mV\t\u001b[8X\u001b[38;2;83;166;230m0.0\u001b[0mV\t\u001b[8X\u001b[38;2;83;166;230m0.0\u001b[0mV\t\u001b[8X\u001b[3"]
[10.383322, "o", "8;2;83;166;230m0.0\u001b[0mV\t\u001b[8X\u001b[38;2;83;166;230m0.0\u001b[0mV\t\u001b[8X\u001b[38;2;83;166;230m0.0\u001b[0mV\t\u001b[8X\u001b[38;2;83;166;230m0.0\u001b[0mV\t\u001b[8XGND\u001b8\u001b[?25h"]
[12.038261, "o", "l"]
[12.118928, "o", "s"]
[12.239829, "o", "\r\n"]
[12.240476, "o", "\u001b[38;2;150;203;89m   <DIR>   \u001b[38;2;191;165;48msystem~1\u001b[0m\r\n\u001b[38;2;150;203;89m        81 \u001b[38;2;191;165;48mbpspi.bp\u001b[0m\r\n\u001b[38;2;150;203;89m      2112 \u001b[38;2;"]
[12.241236, "o", "191;165;48mbp5a.tut\u001b[0m\r\n\u001b[38;2;150;203;89m       382 \u001b[38;2"]
[12.241578, "o", ";191;165;48mbpconfig.bp\u001b[0m\r\n\u001b[38;2;150;203;89m        54 \u001b[38;2;191;165;48mbpi2c.bp\u001b[0m\r\n\u001b[38;2;150;203;89m        48 \u001b[38;2;191;165;48mtest.txt\u001b[0m\r\n\u001b"]
[12.241985, "o", "[38;2;150;203;89m     19355 \u001b[38;2;191;165;48m2c3226~1.png\u001b[0m\r\n\u001b[38;2;150;203;89m     29824 \u001b[38;2;191;165;48mflash.scr\u001b[0m\r\n\u001b[38;2;150;203;89m        67 \u001b[38;2;191;165;48mbphwuart.bp\u001b[0m\r\n\u001b"]
[12.242614, "o", "[38;2;150;203;89m        96 \u001b[38;2;191;165;48mbpuart.bp\u001b[0m\r\n\u001b[38;2;150;203;89m        36 \u001b[38;2;191;165;48mbp3wire.bp\u001b[0m\r\n\u001b[38;2;150;203;89m        34 \u001b[38;2;191;165;48mbp2wire.bp\u001b[0m\r\n\u001b[38;2;150;203;89m        "]
[12.24318, "o", "16 \u001b[38;2;191;165;48mbpbinmod.bp\u001b[0m\r\n\u001b[38;2;150;203;89m       256 \u001b[38;2;191;165;48mtest.bin\u001b[0m\r\n\u001b[38;2;150;203;89m        42 \u001b[38;2;191;165;48mbpirrxtx.bp\u001b[0m\r\n"]
[12.243408, "o", "\u001b[38;2;150;203;89m        15 \u001b[38;2;191;165;48mbpled.bp\u001b[0m\r\n\u001b[38;2;150;203;89m   <DIR>   \u001b[38;2;191;165;48mtemp\u001b[0m\r\n\u001b[38;2;191;165;48m2 dirs, 15 files\u001b[0m\r\n\u001b[0m\r\n\u001b[38;2;150;203;89mHiZ>\u001b[0m "]
[14.210045, "o", "m"]
[14.47953, "o", "\r\n\r\n"]
[14.480333, "o", "\u001b[38;2;191;165;48mMode selection\u001b[0m\r\n 1. \u001b[38;2;191;165;48mHiZ\u001b[0m\r\n 2. \u001b[38;2;191;165;48m1WIRE\u001b[0m\r\n 3. \u001b[38;2;191;165;48mUART\u001b[0m\r\n 4. \u001b[38;2;191;165;48mHDUART\u001b[0m\r\n 5. \u001b[38;2;191;165;48mI2C\u001b[0m\r\n 6. \u001b[38;2;191;165;48mSPI\u001b[0m\r\n 7. \u001b[38;2;191;165;48m2WIRE\u001b[0m\r\n 8. \u001b[38;2;191;165;48m3WIRE\u001b[0m\r\n "]
[14.480436, "o", "9. \u001b[38;2;191;165;48mDIO\u001b[0m\r\n 10. \u001b[38;2;191;165;48mLED\u001b[0m\r\n 11. \u001b[38;2;191;165;48mINFRARED\u001b[0m\r\n 12. \u001b[38;2;191;165;48mJTAG\u001b[0"]
[14.480844, "o", "m\r\n x. \u001b[38;2;191;165;48mExit\u001b[0m\r\n\u001b[38;2;150;203;89mMode >\u001b[0m "]
[19.30061, "o", "5"]
[19.593494, "o", "\r\n"]
[19.593935, "o", "\u001b[38;2;191;165;48mMode:\u001b[0m I2C"]
[19.597637, "o", "\r\n\r\n\u001b[38;2;191;165;48mUse previous settings?\u001b["]
[19.597963, "o", "0m\r\n \u001b[38;2;191;165;48mI2C speed\u001b[0m: 50 kHz\r\n \u001b[38;2;191;165;48mClock stretching\u001b[0"]
[19.598151, "o", "m: OFF \r\n\r\n\u001b[38"]
[19.598415, "o", ";2;150;203;89my/n, x to exit (Y) >\u001b[0m "]
[20.581499, "o", "\r\n"]
[20.585272, "o", "\u001b[0m\r\n\u001b[38;2;150;203;89mI2C>\u001b[0m "]
[20.86701, "o", "\u001b7\u001b[?25l\u001b[18;0H\u001b[38;2;0;0;0;48;2;179;175;175m\u001b[80X\u001b[0m\u001b[20;0H\u001b[8X\u001b[8XOFF\t\u001b[8X\u001b[8XSDA\t\u001b[8X\u001b[8XSCL\t\u001b[8X\u001b[8X-\t\u001b[8X\u001b[8X-\t\u001b[8X\u001b[8X-\t\u001b[8X\u001b[8X-\t\u001b[8X\u001b[8X-\t\u001b[8X\u001b[8X-\t\u001b[8X\u001b[8XGND\t\u001b8\u001b[?25h"]
[22.451515, "o", "W"]
[22.650196, "o", " "]
[22.993035, "o", "3"]
[23.120528, "o", "."]
[23.189831, "o", "3"]
[23.36487, "o", "\r\n"]
[23.380078, "o", "\u001b[38;2;83;166;230m3.30\u001b[0mV\u001b[38;2;191;165;48m requested, closest value: \u001b[38;2;83;166;230m3.30\u001b[0mV\r\n\u001b[38;2;191;165;48mCurrent limit:\u001b[0mDisabled\r\n\r\n\u001b[38;2;191;165;48mPower supply:\u001b[0mEnabled\r\n"]
[23.388181, "o", "\u001b[38;2;191;165;48mVreg output: \u001b[38;2;83;166;230m3.3\u001b[0mV\u001b[38;2;191;165;48m, Vref/Vout pin: \u001b[38;2;83;166;230m3.3"]
[23.3885, "o", "\u001b[0mV\u001b[38;2;191;165;48m, Current: \u001b[38;2;83;166;230m3.0\u001b[0mmA\u001b[38;2;191;165;48m\r\n\u001b[0m\u001b[0m\r\n\u001b[38;2;150;203;89mI2C>\u001b[0m "]
