{"version": 2, "width": 80, "height": 21, "timestamp": 1745925445, "env": {"SHELL": "/bin/bash", "TERM": "xterm-256color"}}
[0.0, "o", "\r\n"]
[0.000369, "o", "\u001b7\u001b[999;999H"]
[0.000495, "o", "\u001b[6n\u001b8"]
[0.004023, "o", "\u001b[?3l\u001b]0;Bus Pirate 5 REV10\u001b\\\u001b[0m\u001b[2J\u001b["]
[0.005039, "o", "1;17r\u001b[0m\r\n\u001b[38"]
[0.005451, "o", ";2;150;203;89mHiZ>\u001b[0m \u001b7\u001b[?25l\u001b[18;0H\u001b[38;2;0;0;0;48;2;179;175;175m\u001b[80X\u001b[0m\u001b[19;0H\u001b[38;2;0;0;0;48;2;219;48;48m\u001b[8X1.Vout\t\u001b[38;2;0;0;0;48;2;219;117;48"]
[0.005726, "o", "m\u001b[8X2.IO0\t\u001b[38;2;0;0;0;48;2;219;202;48m\u001b[8X3.IO1\t\u001b[38;2;0;0;0;48;2;48;219;54m"]
[0.006157, "o", "\u001b[8X4.IO2\t\u001b[38;2;0;0;0;48;2;48;94;219m\u001b[8X5.IO3\t\u001b[38;2;0;0;0;48;2;142;48;219m\u001b[8X6.IO4\t\u001b[38;2;0;0;0;48;2;160;82;45m\u001b[8X7.IO5\t\u001b[38;2;0;0;0;48;2;179;175;175m\u001b[8X8.IO6\t\u001b[38;2;0;0;0;48;2;247;247;247m\u001b[8X9.IO7\t\u001b[38;2;255;255;255;48;2;0;0;0m\u001b[8X10.GND\t\u001b[0m\u001b[20;0H\u001b[8X\u001b[8XOFF\t\u001b[8X\u001b[8X-\t\u001b[8X\u001b[8X-\t\u001b[8X\u001b[8X-\t\u001b"]
[0.006657, "o", "[8X\u001b[8X-\t\u001b[8X\u001b[8X-\t\u001b[8X\u001b[8X-\t\u001b[8X\u001b[8X-\t\u001b[8X\u001b[8X-\t\u001b[8X\u001b[8XGND\t\u001b[21;0H\u001b[8X\u001b[38;2;83;166;230m0.0\u001b[0mV\t\u001b[8X\u001b[38;2;83;166;230m0.0\u001b[0mV\t\u001b[8X\u001b[38;2;83;166;230m0.0\u001b[0mV\t\u001b[8"]
[0.006753, "o", "X\u001b[38;2;83;166;230m0.0\u001b[0mV\t\u001b[8X\u001b[38;2;83;166;230m0.0\u001b[0mV\t\u001b[8X\u001b[38;2;83;166;230m0.0\u001b[0mV\t\u001b[8X\u001b[38;2;83;166;230m0.0\u001b[0mV\t\u001b[8X\u001b[38;2;83;166;230m0.0\u001b[0mV\t\u001b[8X\u001b[38;2;83;166;230m0.0\u001b[0mV\t\u001b[8XGND\u001b8\u001b[?25h"]
[0.206753, "o", "\u001b7\u001b[?25l\u001b[18;0H\u001b[38;2;0;0;0;48;2;179;175;175m\u001b[80X\u001b[0m\u001b[20;0H\u001b[8X\u001b[8XOFF\t\u001b[8X\u001b[8X-\t\u001b[8X\u001b[8X-\t\u001b[8X\u001b[8X-\t\u001b[8X\u001b[8X-\t\u001b[8X\u001b[8X-\t\u001b[8X\u001b[8X-\t\u001b[8X\u001b[8X-\t\u001b[8X\u001b[8X-\t\u001b[8X\u001b[8XGND\t\u001b[21;0H\u001b[8X\u001b[38;2;83;166;230m0.0\u001b[0mV\t\u001b[8X\u001b[38;2;83;166;230m0.0\u001b[0mV\t\u001b[8X\u001b[38;2;83;166;230m0.0\u001b[0mV\t\u001b[8X\u001b[38;2;83;166;230m0.0\u001b[0mV\t\u001b[8X\u001b[38;2;83;166;230m0.0\u001b[0mV\t\u001b[8X\u001b[3"]
[0.207035, "o", "8;2;83;166;230m0.0\u001b[0mV\t\u001b[8X\u001b[38;2;83;166;230m0.0\u001b[0mV\t\u001b[8X\u001b[38;2;83;166;230m0.0\u001b[0mV\t\u001b[8X\u001b[38;2;83;166;230m0.0\u001b[0mV\t\u001b[8XGND\u001b8\u001b[?25h"]
[1.861974, "m", "ls list files"]
[1.861974, "o", "l"]
[2.061974, "o", "s"]
[2.261974, "o", "\r\n"]
[2.262621, "o", "\u001b[38;2;150;203;89m   <DIR>   \u001b[38;2;191;165;48msystem~1\u001b[0m\r\n\u001b[38;2;150;203;89m        81 \u001b[38;2;191;165;48mbpspi.bp\u001b[0m\r\n\u001b[38;2;150;203;89m      2112 \u001b[38;2;"]
[2.263381, "o", "191;165;48mbp5a.tut\u001b[0m\r\n\u001b[38;2;150;203;89m       382 \u001b[38;2"]
[2.263723, "o", ";191;165;48mbpconfig.bp\u001b[0m\r\n\u001b[38;2;150;203;89m        54 \u001b[38;2;191;165;48mbpi2c.bp\u001b[0m\r\n\u001b[38;2;150;203;89m        48 \u001b[38;2;191;165;48mtest.txt\u001b[0m\r\n\u001b"]
[2.26413, "o", "[38;2;150;203;89m     19355 \u001b[38;2;191;165;48m2c3226~1.png\u001b[0m\r\n\u001b[38;2;150;203;89m     29824 \u001b[38;2;191;165;48mflash.scr\u001b[0m\r\n\u001b[38;2;150;203;89m        67 \u001b[38;2;191;165;48mbphwuart.bp\u001b[0m\r\n\u001b"]
[2.264759, "o", "[38;2;150;203;89m        96 \u001b[38;2;191;165;48mbpuart.bp\u001b[0m\r\n\u001b[38;2;150;203;89m        36 \u001b[38;2;191;165;48mbp3wire.bp\u001b[0m\r\n\u001b[38;2;150;203;89m        34 \u001b[38;2;191;165;48mbp2wire.bp\u001b[0m\r\n\u001b[38;2;150;203;89m        "]
[2.265325, "o", "16 \u001b[38;2;191;165;48mbpbinmod.bp\u001b[0m\r\n\u001b[38;2;150;203;89m       256 \u001b[38;2;191;165;48mtest.bin\u001b[0m\r\n\u001b[38;2;150;203;89m        42 \u001b[38;2;191;165;48mbpirrxtx.bp\u001b[0m\r\n"]
[2.265553, "o", "\u001b[38;2;150;203;89m        15 \u001b[38;2;191;165;48mbpled.bp\u001b[0m\r\n\u001b[38;2;150;203;89m   <DIR>   \u001b[38;2;191;165;48mtemp\u001b[0m\r\n\u001b[38;2;191;165;48m2 dirs, 15 files\u001b[0m\r\n\u001b[0m\r\n\u001b[38;2;150;203;89mHiZ>\u001b[0m "]
[4.23219, "m", "m change mode"]
[4.23219, "o", "m"]
[4.43219, "o", "\r\n\r\n"]
[4.432993, "o", "\u001b[38;2;191;165;48mMode selection\u001b[0m\r\n 1. \u001b[38;2;191;165;48mHiZ\u001b[0m\r\n 2. \u001b[38;2;191;165;48m1WIRE\u001b[0m\r\n 3. \u001b[38;2;191;165;48mUART\u001b[0m\r\n 4. \u001b[38;2;191;165;48mHDUART\u001b[0m\r\n 5. \u001b[38;2;191;165;48mI2C\u001b[0m\r\n 6. \u001b[38;2;191;165;48mSPI\u001b[0m\r\n 7. \u001b[38;2;191;165;48m2WIRE\u001b[0m\r\n 8. \u001b[38;2;191;165;48m3WIRE\u001b[0m\r\n "]
[4.433096, "o", "9. \u001b[38;2;191;165;48mDIO\u001b[0m\r\n 10. \u001b[38;2;191;165;48mLED\u001b[0m\r\n 11. \u001b[38;2;191;165;48mINFRARED\u001b[0m\r\n 12. \u001b[38;2;191;165;48mJTAG\u001b[0"]
[4.433504, "o", "m\r\n x. \u001b[38;2;191;165;48mExit\u001b[0m\r\n\u001b[38;2;150;203;89mMode >\u001b[0m "]
[6.433504, "m", "select I2C mode"]
[6.433504, "o", "5"]
[6.633504, "o", "\r\n"]
[6.633945, "o", "\u001b[38;2;191;165;48mMode:\u001b[0m I2C"]
[6.637647, "o", "\r\n\r\n\u001b[38;2;191;165;48mUse previous settings?\u001b["]
[6.637973, "o", "0m\r\n \u001b[38;2;191;165;48mI2C speed\u001b[0m: 50 kHz\r\n \u001b[38;2;191;165;48mClock stretching\u001b[0"]
[6.638161, "o", "m: OFF \r\n\r\n\u001b[38"]
[6.638425, "o", ";2;150;203;89my/n, x to exit (Y) >\u001b[0m "]
[7.621509, "o", "\r\n"]
[7.625282, "o", "\u001b[0m\r\n\u001b[38;2;150;203;89mI2C>\u001b[0m "]
[7.825282, "o", "\u001b7\u001b[?25l\u001b[18;0H\u001b[38;2;0;0;0;48;2;179;175;175m\u001b[80X\u001b[0m\u001b[20;0H\u001b[8X\u001b[8XOFF\t\u001b[8X\u001b[8XSDA\t\u001b[8X\u001b[8XSCL\t\u001b[8X\u001b[8X-\t\u001b[8X\u001b[8X-\t\u001b[8X\u001b[8X-\t\u001b[8X\u001b[8X-\t\u001b[8X\u001b[8X-\t\u001b[8X\u001b[8X-\t\u001b[8X\u001b[8XGND\t\u001b8\u001b[?25h"]
[9.409787, "m", "W enable power supply"]
[9.409787, "o", "W"]
[9.609787, "o", " "]
[9.809787, "o", "3"]
[10.009787, "o", "."]
[10.209787, "o", "3"]
[10.409787, "o", "\r\n"]
[10.424995, "o", "\u001b[38;2;83;166;230m3.30\u001b[0mV\u001b[38;2;191;165;48m requested, closest value: \u001b[38;2;83;166;230m3.30\u001b[0mV\r\n\u001b[38;2;191;165;48mCurrent limit:\u001b[0mDisabled\r\n\r\n\u001b[38;2;191;165;48mPower supply:\u001b[0mEnabled\r\n"]
[10.433098, "o", "\u001b[38;2;191;165;48mVreg output: \u001b[38;2;83;166;230m3.3\u001b[0mV\u001b[38;2;191;165;48m, Vref/Vout pin: \u001b[38;2;83;166;230m3.3"]
[10.433417, "o", "\u001b[0mV\u001b[38;2;191;165;48m, Current: \u001b[38;2;83;166;230m3.0\u001b[0mmA\u001b[38;2;191;165;48m\r\n\u001b[0m\u001b[0m\r\n\u001b[38;2;150;203;89mI2C>\u001b[0m "]
[10.907898, "o", "\u001b7\u001b[?25l\u001b[18;0H\u001b[38;2;0;0;0;48;2;179;175;175mVout: 3.29V | \u001b[66X\u001b[0m\u001b[20;0H\u001b[8X\u001b[8X\u001b[38;2;83;166;230m002.6\u001b[0mmA\t\u001b[8X\u001b[8XSDA\t\u001b[8X\u001b[8XSCL\t\u001b[8X\u001b[8X-\t\u001b[8X\u001b[8X-"]
[10.908007, "o", "\t\u001b[8X\u001b[8X-\t\u001b[8X\u001b[8X-\t\u001b[8X\u001b[8X-\t\u001b[8X\u001b[8X-\t\u001b[8X\u001b[8XGND\t\u001b[21;0H\u001b[8X\u001b[38;2;83;166;230m3.3\u001b[0mV\t\u001b[8X\u001b[38;2;83;166;230m0.0\u001b[0mV\t\u001b[8X\u001b[3"]
[10.908266, "o", "8;2;83;166;230m0.0\u001b[0mV\t\u001b[8X\u001b[38;2;83;166;230m0.0\u001b[0mV\t\u001b[8X\u001b[38;2;83;166;230m0.0\u001b[0mV\t\u001b[8X\u001b[38;2;83;166;230m0.0\u001b[0mV\t\u001b[8X\u001b[38;2;83;166;230m0.0\u001b[0mV\t\u001b[8X\u001b[38;2;83;166;230m0"]
[10.908443, "o", ".0\u001b[0mV\t\u001b[8X\u001b[38;2;83;166;230m0.0\u001b[0mV\t\u001b[8XGND\u001b8\u001b[?25h"]
[11.382746, "o", "\u001b7\u001b[?25l\u001b[20;0H\u001b[38;2;83;166;230m002.4\u001b[0mmA\u001b8\u001b[?25h"]
[11.582746, "m", "P enable pull-up resistors"]
[11.582746, "o", "P"]
[11.782746, "o", "\r\n"]
